id,일자리,이윤(억),탄소,거주성,저렴한집(%),오픈(%),일자리점,이윤점,탄소점,거주성점,저렴한집점,구간합,RFP감점,RFP통과,RFP미달,지표합
S0001,1710,79.8,25.4,93,55.0,23.0,6,8,4,8,10,36,0,1,,36
S0002,2328,107.5,15.3,96,45.0,29.1,8,10,6,10,10,44,0,1,,44
S0003,1972,114.7,18.6,88,30.0,19.4,6,10,6,8,6,36,0,1,,36
S0004,1216,10.3,12.9,85,50.0,5.1,2,4,8,6,10,30,6,0,jobs|openSpace,24
S0005,1796,100.1,19.2,82,10.0,17.3,6,10,6,6,2,30,0,1,,30
S0006,1498,45.6,17.1,92,65.0,18.9,4,6,6,8,10,34,0,1,,34
S0007,2722,113.9,17.8,89,20.0,27.0,8,10,6,8,4,36,0,1,,36
S0008,2180,88.1,26.3,87,60.0,13.8,6,8,4,6,10,34,0,1,,34
S0009,2113,109.0,17.2,86,15.0,24.5,6,10,6,6,4,32,0,1,,32
S0010,1638,31.3,4.8,96,35.0,26.5,4,6,10,10,8,38,0,1,,38
S0011,1680,97.3,23.8,69,15.0,7.7,4,8,4,0,4,20,6,0,openSpace|livability,14
S0012,2036,94.3,19.9,88,35.0,19.9,6,8,6,8,8,36,0,1,,36
S0013,3408,126.8,30.4,68,5.0,11.2,10,10,2,0,0,22,6,0,affordable|livability,16
S0014,2952,136.1,33.5,74,0.0,17.3,10,10,2,2,0,24,3,0,affordable,21
S0015,2330,110.0,27.0,89,80.0,18.4,8,10,4,8,10,40,0,1,,40
S0016,2500,90.3,22.2,94,60.0,17.9,8,8,4,8,10,38,0,1,,38
S0017,1643,84.7,16.2,80,10.0,12.8,4,8,6,6,2,26,0,1,,26
S0018,1880,11.2,1.4,100,90.0,28.1,6,4,10,10,10,40,0,1,,40
S0019,1640,43.5,13.3,77,80.0,3.1,4,6,8,4,10,32,3,0,openSpace,29
S0020,2794,130.3,27.6,79,65.0,8.2,8,10,4,4,10,36,3,0,openSpace,33
S0021,1426,93.4,22.4,79,100.0,7.7,4,8,4,4,10,30,3,0,openSpace,27
S0022,1832,69.9,16.6,97,80.0,24.5,6,8,6,10,10,40,0,1,,40
S0023,1996,38.5,2.3,100,95.0,26.0,6,6,10,10,10,42,0,1,,42
S0024,2072,78.7,23.7,89,65.0,14.3,6,8,4,8,10,36,0,1,,36
S0025,2630,121.3,30.4,87,75.0,13.8,8,10,2,6,10,36,0,1,,36
S0026,2992,120.4,20.0,97,55.0,24.5,10,10,6,10,10,46,0,1,,46
S0027,2974,154.9,32.8,86,40.0,14.3,10,10,2,6,8,36,0,1,,36
S0028,2246,82.1,15.8,97,70.0,27.6,8,8,6,10,10,42,0,1,,42
S0029,1868,82.8,20.0,92,45.0,18.9,6,8,6,8,10,38,0,1,,38
S0030,1600,79.5,25.7,76,65.0,5.1,4,8,4,4,10,30,3,0,openSpace,27
S0031,2106,73.0,18.1,96,80.0,25.0,6,8,6,10,10,40,0,1,,40
S0032,2008,115.3,21.1,79,15.0,13.8,6,10,6,4,4,30,0,1,,30
S0033,2492,99.9,18.0,90,25.0,27.0,8,8,6,8,6,36,0,1,,36
S0034,1790,59.5,9.9,90,10.0,35.7,6,6,8,8,2,30,0,1,,30
S0035,1846,107.0,22.7,58,5.0,3.6,6,10,4,0,0,20,9,0,affordable|openSpace|livability,11
S0036,1647,77.8,11.8,100,65.0,26.0,4,8,8,10,10,40,0,1,,40
S0037,1780,79.0,17.0,82,5.0,21.4,6,8,6,6,0,26,3,0,affordable,23
S0038,2178,115.1,14.0,100,45.0,24.0,6,10,8,10,10,44,0,1,,44
S0039,2984,136.9,30.1,66,15.0,5.6,10,10,2,0,4,26,6,0,openSpace|livability,20
S0040,2034,73.2,16.9,97,65.0,26.0,6,8,6,10,10,40,0,1,,40
S0041,1588,45.9,27.8,87,25.0,38.8,4,6,4,6,6,26,0,1,,26
S0042,2350,101.1,25.4,87,80.0,12.8,8,10,4,6,10,38,0,1,,38
S0043,1738,95.1,20.6,83,25.0,13.8,6,8,6,6,6,32,0,1,,32
S0044,1378,20.9,26.6,93,80.0,28.6,4,4,4,8,10,30,0,1,,30
S0045,2060,112.3,12.3,95,25.0,23.0,6,10,8,10,6,40,0,1,,40
S0046,1832,89.3,14.2,96,30.0,27.0,6,8,8,10,6,38,0,1,,38
S0047,2304,86.2,13.2,100,80.0,31.1,8,8,8,10,10,44,0,1,,44
S0048,1826,81.2,20.3,90,60.0,14.8,6,8,6,8,10,38,0,1,,38
S0049,1122,1.7,2.3,91,15.0,29.6,2,2,10,8,4,26,3,0,jobs,23
S0050,2095,114.6,13.0,91,15.0,27.6,6,10,8,8,4,36,0,1,,36
S0051,2200,114.3,23.2,82,20.0,12.8,8,10,4,6,4,32,0,1,,32
S0052,1864,91.6,22.8,90,45.0,13.3,6,8,4,8,10,36,0,1,,36
S0053,3128,138.3,25.2,89,60.0,16.3,10,10,4,8,10,42,0,1,,42
S0054,1760,75.9,14.3,100,55.0,28.1,6,8,8,10,10,42,0,1,,42
S0055,1816,120.2,20.7,79,10.0,12.2,6,10,6,4,2,28,0,1,,28
S0056,1414,116.0,20.8,76,10.0,10.7,4,10,6,4,2,26,0,1,,26
S0057,2178,121.2,27.1,76,95.0,6.1,6,10,4,4,10,34,3,0,openSpace,31
S0058,1696,75.9,23.5,93,50.0,16.3,4,8,4,8,10,34,0,1,,34
S0059,2878,91.3,17.4,96,55.0,31.6,10,8,6,10,10,44,0,1,,44
S0060,2124,123.2,19.0,92,45.0,18.4,6,10,6,8,10,40,0,1,,40
S0061,2410,106.8,27.6,90,65.0,19.9,8,10,4,8,10,40,0,1,,40
S0062,1728,84.0,13.3,96,30.0,26.5,6,8,8,10,6,38,0,1,,38
S0063,1896,134.2,22.2,90,75.0,14.3,6,10,4,8,10,38,0,1,,38
S0064,1736,7.3,1.3,100,70.0,27.6,6,2,10,10,10,38,0,1,,38
S0065,1594,83.2,26.5,78,0.0,29.6,4,8,4,4,0,20,3,0,affordable,17
S0066,2668,98.0,11.1,86,40.0,8.7,8,8,8,6,8,38,3,0,openSpace,35
S0067,2728,100.7,20.2,97,70.0,24.0,8,10,6,10,10,44,0,1,,44
S0068,1208,28.6,4.6,100,65.0,39.3,2,4,10,10,10,36,3,0,jobs,33
S0069,2000,80.6,27.5,93,60.0,20.4,6,8,4,8,10,36,0,1,,36
S0070,3450,159.9,31.3,75,5.0,18.4,10,10,2,4,0,26,3,0,affordable,23
S0071,2572,140.0,25.0,78,30.0,11.7,8,10,4,4,6,32,0,1,,32
S0072,1750,48.6,25.7,87,30.0,29.1,6,6,4,6,6,28,0,1,,28
S0073,2824,106.1,26.2,87,45.0,13.3,10,10,4,6,10,40,0,1,,40
S0074,2526,144.5,30.1,90,80.0,19.4,8,10,2,8,10,38,0,1,,38
S0075,3128,179.6,26.3,70,20.0,7.7,10,10,4,2,4,30,3,0,openSpace,27
S0076,2100,94.1,16.2,96,70.0,28.1,6,8,6,10,10,40,0,1,,40
S0077,2682,126.8,26.3,82,40.0,11.7,8,10,4,6,8,36,0,1,,36
S0078,2020,84.9,10.1,91,15.0,35.7,6,8,8,8,4,34,0,1,,34
S0079,2006,83.2,9.3,100,45.0,37.8,6,8,8,10,10,42,0,1,,42
S0080,3088,147.6,28.6,80,90.0,8.7,10,10,4,6,10,40,3,0,openSpace,37
S0081,2206,116.7,16.7,93,60.0,17.3,8,10,6,8,10,42,0,1,,42
S0082,2168,118.0,19.9,93,50.0,15.3,6,10,6,8,10,40,0,1,,40
S0083,2760,96.9,28.0,89,35.0,21.4,8,8,4,8,8,36,0,1,,36
S0084,2004,83.8,18.3,96,65.0,20.9,6,8,6,10,10,40,0,1,,40
S0085,2182,31.1,0.0,100,40.0,30.6,6,6,10,10,8,40,0,1,,40
S0086,2076,72.8,18.9,96,85.0,22.4,6,8,6,10,10,40,0,1,,40
S0087,1612,47.3,3.2,100,65.0,47.4,4,6,10,10,10,40,0,1,,40
S0088,1204,-41.8,2.2,100,90.0,27.0,2,0,10,10,10,32,6,0,jobs|profit,26
S0089,1960,44.5,11.5,96,50.0,16.8,6,6,8,10,10,40,0,1,,40
S0090,2378,122.1,26.6,73,20.0,8.7,8,10,4,2,4,28,3,0,openSpace,25
S0091,2828,146.7,26.7,78,30.0,11.2,10,10,4,4,6,34,0,1,,34
S0092,3024,123.3,28.2,82,30.0,13.3,10,10,4,6,6,36,0,1,,36
S0093,2224,87.1,18.8,97,65.0,23.5,8,8,6,10,10,42,0,1,,42
S0094,1672,64.7,12.0,85,5.0,32.1,4,8,8,6,0,26,3,0,affordable,23
S0095,1500,121.7,23.0,76,30.0,5.6,4,10,4,4,6,28,3,0,openSpace,25
S0096,2304,84.3,24.7,87,85.0,10.7,8,8,4,6,10,36,0,1,,36
S0097,1156,54.5,19.4,89,85.0,12.2,2,6,6,8,10,32,3,0,jobs,29
S0098,2594,136.1,27.1,72,15.0,10.7,8,10,4,2,4,28,0,1,,28
S0099,2600,137.4,31.9,69,20.0,6.1,8,10,2,0,4,24,6,0,openSpace|livability,18
S0100,2070,91.4,22.2,96,70.0,25.5,6,8,4,10,10,38,0,1,,38
S0101,2493,138.4,23.0,82,10.0,16.3,8,10,4,6,2,30,0,1,,30
S0102,2342,135.9,20.7,92,95.0,16.8,8,10,6,8,10,42,0,1,,42
S0103,2110,69.0,19.0,96,100.0,23.0,6,8,6,10,10,40,0,1,,40
S0104,1718,71.0,11.1,100,85.0,31.6,6,8,8,10,10,42,0,1,,42
S0105,1764,89.3,16.5,92,70.0,17.3,6,8,6,8,10,38,0,1,,38
S0106,1806,69.6,12.2,100,55.0,30.1,6,8,8,10,10,42,0,1,,42
S0107,2368,108.4,17.5,96,75.0,27.0,8,10,6,10,10,44,0,1,,44
S0108,968,32.9,8.7,100,50.0,29.1,0,6,8,10,10,34,3,0,jobs,31
S0109,2800,143.5,28.1,73,20.0,8.2,10,10,4,2,4,30,3,0,openSpace,27
S0110,2220,118.0,27.7,93,50.0,23.5,8,10,4,8,10,40,0,1,,40
S0111,1820,100.4,23.1,79,10.0,12.2,6,10,4,4,2,26,0,1,,26
S0112,1934,91.4,19.7,93,65.0,18.4,6,8,6,8,10,38,0,1,,38
S0113,2475,109.5,19.1,92,35.0,25.5,8,10,6,8,8,40,0,1,,40
S0114,2202,86.6,14.8,100,75.0,29.6,8,8,8,10,10,44,0,1,,44
S0115,1702,19.9,4.4,100,75.0,27.0,6,4,10,10,10,40,0,1,,40
S0116,2212,118.2,24.9,82,60.0,9.2,8,10,4,6,10,38,3,0,openSpace,35
S0117,2914,138.7,23.3,89,50.0,13.3,10,10,4,8,10,42,0,1,,42
S0118,890,65.5,20.0,85,25.0,15.3,0,8,6,6,6,26,3,0,jobs,23
S0119,1816,122.8,22.0,70,10.0,7.1,6,10,6,2,2,26,3,0,openSpace,23
S0120,2285,91.9,20.0,96,55.0,21.4,8,8,6,10,10,42,0,1,,42
S0121,2828,116.4,16.1,97,95.0,30.6,10,10,6,10,10,46,0,1,,46
S0122,1966,89.3,15.9,96,75.0,22.4,6,8,6,10,10,40,0,1,,40
S0123,3376,122.0,36.6,76,80.0,6.1,10,10,0,4,10,34,6,0,openSpace|carbon,28
S0124,1404,12.2,11.2,100,100.0,31.1,4,4,8,10,10,36,0,1,,36
S0125,1328,59.5,12.7,85,5.0,29.1,4,6,8,6,0,24,3,0,affordable,21
S0126,2332,116.1,17.7,89,20.0,25.0,8,10,6,8,4,36,0,1,,36
S0127,1388,-19.0,0.2,100,90.0,31.6,4,0,10,10,10,34,3,0,profit,31
S0128,2269,135.8,29.5,76,10.0,12.2,8,10,4,4,2,28,0,1,,28
S0129,2495,97.5,20.6,96,55.0,20.4,8,8,6,10,10,42,0,1,,42
S0130,2840,79.3,16.1,97,60.0,35.7,10,8,6,10,10,44,0,1,,44
S0131,1888,63.0,6.1,92,30.0,16.8,6,8,10,8,6,38,0,1,,38
S0132,2390,145.8,29.2,69,20.0,6.1,8,10,4,0,4,26,6,0,openSpace|livability,20
S0133,1612,44.4,13.1,100,55.0,29.6,4,6,8,10,10,38,0,1,,38
S0134,1352,34.8,12.3,100,60.0,30.1,4,6,8,10,10,38,0,1,,38
S0135,2398,102.2,29.7,93,55.0,23.5,8,10,4,8,10,40,0,1,,40
S0136,2080,84.0,21.6,92,80.0,17.9,6,8,6,8,10,38,0,1,,38
S0137,932,45.7,8.1,93,30.0,32.1,0,6,8,8,6,28,3,0,jobs,25
S0138,2372,97.2,32.9,79,20.0,12.2,8,8,2,4,4,26,0,1,,26
S0139,3382,156.2,32.9,67,35.0,4.1,10,10,2,0,8,30,6,0,openSpace|livability,24
S0140,1725,0.1,2.2,82,30.0,11.7,6,2,10,6,6,30,0,1,,30
S0141,1198,51.8,11.9,100,55.0,26.5,2,6,8,10,10,36,3,0,jobs,33
S0142,2260,84.7,14.7,90,10.0,33.2,8,8,8,8,2,34,0,1,,34
S0143,2992,105.8,32.5,93,65.0,27.6,10,10,2,8,10,40,0,1,,40
S0144,2458,110.9,20.7,89,55.0,13.8,8,10,6,8,10,42,0,1,,42
S0145,1902,65.4,22.1,92,95.0,16.8,6,8,4,8,10,36,0,1,,36
S0146,2062,111.9,22.2,82,35.0,11.7,6,10,4,6,8,34,0,1,,34
S0147,3048,163.1,25.4,87,50.0,13.8,10,10,4,6,10,40,0,1,,40
S0148,1650,93.7,20.3,88,30.0,15.3,4,8,6,8,6,32,0,1,,32
S0149,2716,131.1,26.3,72,0.0,12.2,8,10,4,2,0,24,3,0,affordable,21
S0150,1662,78.9,27.9,78,0.0,32.7,4,8,4,4,0,20,3,0,affordable,17
S0151,2376,97.5,30.8,76,80.0,6.1,8,8,2,4,10,32,3,0,openSpace,29
S0152,1420,-0.4,20.9,96,90.0,39.8,4,0,6,10,10,30,3,0,profit,27
S0153,2166,111.5,28.6,76,65.0,6.1,6,10,4,4,10,34,3,0,openSpace,31
S0154,1352,7.4,0.9,100,50.0,29.6,4,2,10,10,10,36,0,1,,36
S0155,2314,70.6,15.2,98,50.0,28.6,8,8,6,10,10,42,0,1,,42
S0156,2198,70.2,11.7,89,60.0,11.2,6,8,8,8,10,40,0,1,,40
S0157,2798,78.5,27.2,93,100.0,23.0,8,8,4,8,10,38,0,1,,38
S0158,3384,149.2,30.6,79,100.0,8.2,10,10,2,4,10,36,3,0,openSpace,33
S0159,1526,43.8,9.0,100,100.0,35.2,4,6,8,10,10,38,0,1,,38
S0160,2164,87.7,18.1,96,45.0,25.0,6,8,6,10,10,40,0,1,,40
S0161,1308,56.5,11.1,100,60.0,31.6,4,6,8,10,10,38,0,1,,38
S0162,1350,41.7,21.4,93,30.0,32.1,4,6,6,8,6,30,0,1,,30
S0163,2440,65.7,12.8,86,5.0,38.3,8,8,8,6,0,30,3,0,affordable,27
S0164,1474,113.1,16.5,82,10.0,18.4,4,10,6,6,2,28,0,1,,28
S0165,2404,83.4,31.9,83,10.0,25.5,8,8,2,6,2,26,0,1,,26
S0166,1196,67.8,15.5,74,5.0,14.8,2,8,6,2,0,18,6,0,jobs|affordable,12
S0167,1794,26.5,0.0,100,70.0,27.0,6,4,10,10,10,40,0,1,,40
S0168,2066,72.3,22.3,92,85.0,17.3,6,8,4,8,10,36,0,1,,36
S0169,2252,128.9,29.7,71,0.0,12.2,8,10,4,2,0,24,3,0,affordable,21
S0170,2396,123.9,16.1,81,5.0,25.0,8,10,6,6,0,30,3,0,affordable,27
S0171,2170,81.1,26.1,86,95.0,13.8,6,8,4,6,10,34,0,1,,34
S0172,1940,89.6,15.2,86,15.0,23.0,6,8,6,6,4,30,0,1,,30
S0173,2256,113.5,26.8,76,65.0,7.1,8,10,4,4,10,36,3,0,openSpace,33
S0174,1812,51.0,9.1,86,75.0,9.2,6,6,8,6,10,36,3,0,openSpace,33
S0175,1892,105.0,17.1,93,40.0,19.4,6,10,6,8,8,38,0,1,,38
S0176,1622,92.0,19.1,92,60.0,16.8,4,8,6,8,10,36,0,1,,36
S0177,2016,45.0,20.9,93,70.0,18.9,6,6,6,8,10,36,0,1,,36
S0178,3116,150.4,29.5,79,70.0,9.7,10,10,4,4,10,38,3,0,openSpace,35
S0179,1580,53.6,14.2,96,35.0,28.1,4,6,8,10,8,36,0,1,,36
S0180,3222,141.3,32.9,90,80.0,17.3,10,10,2,8,10,40,0,1,,40
S0181,2102,122.1,20.4,83,10.0,16.8,6,10,6,6,2,30,0,1,,30
S0182,3136,136.8,16.4,96,45.0,31.6,10,10,6,10,10,46,0,1,,46
S0183,1406,65.5,26.7,93,65.0,21.4,4,8,4,8,10,34,0,1,,34
S0184,2164,81.6,17.1,96,90.0,20.9,6,8,6,10,10,40,0,1,,40
S0185,2248,88.5,17.0,97,60.0,26.5,8,8,6,10,10,42,0,1,,42
S0186,1340,65.0,19.5,93,50.0,15.3,4,8,6,8,10,36,0,1,,36
S0187,2030,100.3,27.7,76,85.0,5.1,6,10,4,4,10,34,3,0,openSpace,31
S0188,1276,120.2,23.6,69,35.0,3.1,2,10,4,0,8,24,9,0,jobs|openSpace|livability,15
S0189,1020,56.2,12.3,86,5.0,20.4,2,6,8,6,0,22,6,0,jobs|affordable,16
S0190,1757,-21.0,0.0,96,60.0,16.3,6,0,10,10,10,36,3,0,profit,33
S0191,2784,133.1,28.6,79,70.0,8.2,8,10,4,4,10,36,3,0,openSpace,33
S0192,2220,121.6,22.5,92,45.0,17.9,8,10,4,8,10,40,0,1,,40
S0193,1664,60.1,21.8,93,50.0,15.8,4,8,6,8,10,36,0,1,,36
S0194,1596,59.3,11.9,68,0.0,5.1,4,6,8,0,0,18,9,0,affordable|openSpace|livability,9
S0195,2270,123.0,25.6,77,75.0,7.7,8,10,4,4,10,36,3,0,openSpace,33
S0196,1546,66.3,16.2,81,0.0,22.4,4,8,6,6,0,24,3,0,affordable,21
S0197,3760,143.6,34.0,77,70.0,7.7,10,10,2,4,10,36,3,0,openSpace,33
S0198,2150,94.5,18.4,82,0.0,23.0,6,8,6,6,0,26,3,0,affordable,23
S0199,1958,70.5,20.5,93,85.0,18.9,6,8,6,8,10,38,0,1,,38
S0200,2490,94.3,13.3,97,35.0,33.2,8,8,8,10,8,42,0,1,,42
S0201,2616,142.5,27.9,70,70.0,4.6,8,10,4,2,10,34,3,0,openSpace,31
S0202,1880,48.1,24.9,97,80.0,27.6,6,6,4,10,10,36,0,1,,36
S0203,1870,74.5,16.9,82,85.0,9.2,6,8,6,6,10,36,3,0,openSpace,33
S0204,1730,34.8,14.7,100,100.0,28.1,6,6,8,10,10,40,0,1,,40
S0205,2160,18.5,10.1,93,75.0,13.8,6,4,8,8,10,36,0,1,,36
S0206,2158,82.9,17.0,93,100.0,18.9,6,8,6,8,10,38,0,1,,38
S0207,2095,66.5,17.6,96,95.0,23.5,6,8,6,10,10,40,0,1,,40
S0208,2810,105.7,20.3,89,20.0,25.5,10,10,6,8,4,38,0,1,,38
S0209,1124,12.4,3.6,93,20.0,23.5,2,4,10,8,4,28,3,0,jobs,25
S0210,2310,106.0,27.5,93,45.0,35.7,8,10,4,8,10,40,0,1,,40
S0211,2080,67.5,8.9,89,25.0,17.9,6,8,8,8,6,36,0,1,,36
S0212,2311,105.5,28.6,76,100.0,5.6,8,10,4,4,10,36,3,0,openSpace,33
S0213,1654,58.9,16.4,96,95.0,21.4,4,6,6,10,10,36,0,1,,36
S0214,2324,104.8,20.0,92,55.0,18.4,8,10,6,8,10,42,0,1,,42
S0215,1873,68.2,15.3,97,55.0,27.0,6,8,6,10,10,40,0,1,,40
S0216,1840,106.4,24.9,80,65.0,5.1,6,10,4,6,10,36,3,0,openSpace,33
S0217,1860,93.9,20.4,73,55.0,4.6,6,8,6,2,10,32,3,0,openSpace,29
S0218,3500,171.0,25.7,90,60.0,15.3,10,10,4,8,10,42,0,1,,42
S0219,1714,40.5,4.6,96,30.0,23.5,6,6,10,10,6,38,0,1,,38
S0220,2275,98.7,14.1,90,10.0,31.6,8,8,8,8,2,34,0,1,,34
S0221,1836,67.3,28.0,93,60.0,31.6,6,8,4,8,10,36,0,1,,36
S0222,1564,64.4,26.2,93,40.0,29.6,4,8,4,8,8,32,0,1,,32
S0223,860,29.4,10.3,100,65.0,23.0,0,4,8,10,10,32,3,0,jobs,29
S0224,2410,126.4,18.9,96,90.0,22.4,8,10,6,10,10,44,0,1,,44
S0225,2742,121.0,21.6,86,10.0,21.9,8,10,6,6,2,32,0,1,,32
S0226,3796,183.4,35.9,82,60.0,11.2,10,10,0,6,10,36,3,0,carbon,33
S0227,2146,80.3,24.8,83,95.0,9.7,6,8,4,6,10,34,3,0,openSpace,31
S0228,2640,118.0,19.0,97,55.0,23.0,8,10,6,10,10,44,0,1,,44
S0229,2950,80.6,29.9,83,10.0,35.2,10,8,4,6,2,30,0,1,,30
S0230,1614,73.3,15.6,96,55.0,23.5,4,8,6,10,10,38,0,1,,38
S0231,2319,105.7,9.3,94,25.0,37.2,8,10,8,8,6,40,0,1,,40
S0232,2916,138.1,24.9,93,50.0,17.3,10,10,4,8,10,42,0,1,,42
S0233,2204,88.9,18.2,97,70.0,20.9,8,8,6,10,10,42,0,1,,42
S0234,2990,112.6,29.6,90,70.0,16.8,10,10,4,8,10,42,0,1,,42
S0235,2050,82.8,19.3,97,80.0,20.4,6,8,6,10,10,40,0,1,,40
S0236,2846,118.7,20.7,87,15.0,22.4,10,10,6,6,4,36,0,1,,36
S0237,2464,102.1,27.2,82,55.0,10.7,8,10,4,6,10,38,0,1,,38
S0238,1346,35.4,8.9,94,20.0,37.8,4,6,8,8,4,30,0,1,,30
S0239,1222,54.6,19.6,85,35.0,13.3,2,6,6,6,8,28,3,0,jobs,25
S0240,1916,110.2,20.7,83,15.0,16.8,6,10,6,6,4,32,0,1,,32
S0241,2666,114.5,21.8,92,40.0,19.9,8,10,6,8,8,40,0,1,,40
S0242,1056,58.6,7.0,85,5.0,27.6,2,6,10,6,0,24,6,0,jobs|affordable,18
S0243,1180,76.4,19.9,80,10.0,12.2,2,8,6,6,2,24,3,0,jobs,21
S0244,1668,77.2,21.5,85,90.0,11.2,4,8,6,6,10,34,0,1,,34
S0245,1710,71.8,11.9,90,15.0,28.1,6,8,8,8,4,34,0,1,,34
S0246,2572,118.3,22.8,93,65.0,16.8,8,10,4,8,10,40,0,1,,40
S0247,2053,119.0,22.7,78,25.0,10.7,6,10,4,4,6,30,0,1,,30
S0248,2524,112.4,26.4,70,70.0,3.1,8,10,4,2,10,34,3,0,openSpace,31
S0249,2136,100.2,15.9,96,75.0,25.0,6,10,6,10,10,42,0,1,,42
S0250,2346,90.1,16.1,96,90.0,27.6,8,8,6,10,10,42,0,1,,42
S0251,2686,135.5,27.5,79,70.0,9.7,8,10,4,4,10,36,3,0,openSpace,33
S0252,3584,186.4,26.4,79,10.0,15.8,10,10,4,4,2,30,0,1,,30
S0253,1852,107.6,28.4,72,0.0,12.2,6,10,4,2,0,22,3,0,affordable,19
S0254,1972,49.9,8.5,97,80.0,16.8,6,6,8,10,10,40,0,1,,40
S0255,2228,112.2,18.6,96,45.0,21.4,8,10,6,10,10,44,0,1,,44
S0256,3114,129.8,21.4,96,45.0,23.5,10,10,6,10,10,46,0,1,,46
S0257,2262,41.1,21.6,92,100.0,19.4,8,6,6,8,10,38,0,1,,38
S0258,1562,68.2,11.9,94,25.0,27.0,4,8,8,8,6,34,0,1,,34
S0259,1730,96.8,19.4,88,35.0,15.3,6,8,6,8,8,36,0,1,,36
S0260,2364,100.6,22.3,93,75.0,16.3,8,10,4,8,10,40,0,1,,40
S0261,2434,60.2,31.7,93,95.0,29.6,8,8,2,8,10,36,0,1,,36
S0262,2652,109.3,26.6,83,90.0,11.7,8,10,4,6,10,38,0,1,,38
S0263,1558,14.9,0.0,93,25.0,39.3,4,4,10,8,6,32,0,1,,32
S0264,1550,38.7,6.1,100,55.0,33.2,4,6,10,10,10,40,0,1,,40
S0265,2402,113.3,26.1,82,40.0,11.7,8,10,4,6,8,36,0,1,,36
S0266,2332,128.3,29.0,76,50.0,6.6,8,10,4,4,10,36,3,0,openSpace,33
S0267,1950,85.9,24.6,87,60.0,10.2,6,8,4,6,10,34,0,1,,34
S0268,1834,85.3,15.3,96,45.0,26.0,6,8,6,10,10,40,0,1,,40
S0269,1930,50.4,10.5,87,45.0,9.2,6,6,8,6,10,36,3,0,openSpace,33
S0270,1750,50.1,25.1,90,95.0,19.9,6,6,4,8,10,34,0,1,,34
S0271,1588,36.0,3.7,93,20.0,24.0,4,6,10,8,4,32,0,1,,32
S0272,2792,133.1,29.4,76,55.0,6.6,8,10,4,4,10,36,3,0,openSpace,33
S0273,3284,116.5,27.1,82,25.0,19.9,10,10,4,6,6,36,0,1,,36
S0274,2268,91.9,17.7,92,30.0,24.0,8,8,6,8,6,36,0,1,,36
S0275,3242,184.6,28.7,79,40.0,9.2,10,10,4,4,8,36,3,0,openSpace,33
S0276,2080,87.0,19.1,96,40.0,23.0,6,8,6,10,8,38,0,1,,38
S0277,1902,90.2,20.4,92,65.0,16.8,6,8,6,8,10,38,0,1,,38
S0278,1908,69.5,14.8,100,60.0,29.1,6,8,8,10,10,42,0,1,,42
S0279,2678,97.9,21.1,97,45.0,21.4,8,8,6,10,10,42,0,1,,42
S0280,3664,175.0,32.9,77,60.0,7.7,10,10,2,4,10,36,3,0,openSpace,33
S0281,1756,82.9,14.2,100,65.0,23.5,6,8,8,10,10,42,0,1,,42
S0282,1826,75.5,11.6,100,85.0,30.1,6,8,8,10,10,42,0,1,,42
S0283,2262,82.2,21.4,82,10.0,19.4,8,8,6,6,2,30,0,1,,30
S0284,3102,127.2,34.0,90,30.0,22.4,10,10,2,8,6,36,0,1,,36
S0285,2204,69.1,20.0,96,80.0,20.9,8,8,6,10,10,42,0,1,,42
S0286,3170,136.5,21.1,97,40.0,25.5,10,10,6,10,8,44,0,1,,44
S0287,1312,71.5,14.0,93,30.0,16.8,4,8,8,8,6,34,0,1,,34
S0288,1634,74.7,18.1,93,40.0,18.4,4,8,6,8,8,34,0,1,,34
S0289,1708,53.0,18.0,92,35.0,24.0,6,6,6,8,8,34,0,1,,34
S0290,2772,105.8,16.9,97,70.0,29.6,8,10,6,10,10,44,0,1,,44
S0291,1294,20.6,7.0,100,75.0,36.2,2,4,10,10,10,36,3,0,jobs,33
S0292,2186,94.1,19.5,92,30.0,22.4,6,8,6,8,6,34,0,1,,34
S0293,1930,36.7,1.2,100,90.0,33.2,6,6,10,10,10,42,0,1,,42
S0294,2094,72.8,28.3,83,10.0,29.6,6,8,4,6,2,26,0,1,,26
S0295,1770,95.0,28.5,70,55.0,4.6,6,8,4,2,10,30,3,0,openSpace,27
S0296,2856,135.1,25.0,82,35.0,14.8,10,10,4,6,8,38,0,1,,38
S0297,2526,142.8,28.7,70,70.0,4.1,8,10,4,2,10,34,3,0,openSpace,31
S0298,2820,101.4,22.6,96,55.0,24.0,10,10,4,10,10,44,0,1,,44
S0299,2646,123.0,25.4,86,40.0,12.8,8,10,4,6,8,36,0,1,,36
S0300,2360,127.3,16.9,96,75.0,23.0,8,10,6,10,10,44,0,1,,44
S0301,2668,117.5,25.8,86,60.0,13.8,8,10,4,6,10,38,0,1,,38
S0302,2756,105.2,20.5,96,75.0,25.0,8,10,6,10,10,44,0,1,,44
S0303,2030,74.5,25.0,93,40.0,26.0,6,8,4,8,8,34,0,1,,34
S0304,1630,28.9,12.9,100,45.0,23.0,4,4,8,10,10,36,0,1,,36
S0305,2050,100.2,21.9,92,45.0,15.3,6,10,6,8,10,40,0,1,,40
S0306,1590,51.5,4.3,100,60.0,40.8,4,6,10,10,10,40,0,1,,40
S0307,3490,157.3,18.7,96,100.0,30.6,10,10,6,10,10,46,0,1,,46
S0308,1960,63.1,28.7,94,55.0,25.5,6,8,4,8,10,36,0,1,,36
S0309,2434,80.3,12.8,90,10.0,38.8,8,8,8,8,2,34,0,1,,34
S0310,2226,94.9,23.1,90,60.0,14.8,8,8,4,8,10,38,0,1,,38
S0311,2530,78.2,26.6,86,25.0,30.6,8,8,4,6,6,32,0,1,,32
S0312,1652,90.6,13.9,94,25.0,24.5,4,8,8,8,6,34,0,1,,34
S0313,2500,139.8,26.4,79,50.0,9.7,8,10,4,4,10,36,3,0,openSpace,33
S0314,2762,126.8,15.5,81,5.0,32.1,8,10,6,6,0,30,3,0,affordable,27
S0315,2304,68.0,17.8,87,15.0,28.6,8,8,6,6,4,32,0,1,,32
S0316,2558,104.5,31.4,70,90.0,3.6,8,10,2,2,10,32,3,0,openSpace,29
S0317,1814,98.5,14.3,100,60.0,26.0,6,8,8,10,10,42,0,1,,42
S0318,2572,93.4,30.0,87,20.0,22.4,8,8,4,6,4,30,0,1,,30
S0319,1850,82.0,14.9,90,10.0,25.5,6,8,8,8,2,32,0,1,,32
S0320,2536,123.7,23.1,90,55.0,14.3,8,10,4,8,10,40,0,1,,40
S0321,1996,27.0,1.9,87,45.0,9.7,6,4,10,6,10,36,3,0,openSpace,33
S0322,2390,98.3,20.2,97,95.0,20.4,8,8,6,10,10,42,0,1,,42
S0323,2030,98.7,25.4,76,5.0,15.3,6,8,4,4,0,22,3,0,affordable,19
S0324,2325,150.1,25.9,67,0.0,11.2,8,10,4,0,0,22,6,0,affordable|livability,16
S0325,2822,102.6,28.2,77,50.0,6.6,10,10,4,4,10,38,3,0,openSpace,35
S0326,2344,130.9,29.3,90,75.0,18.4,8,10,4,8,10,40,0,1,,40
S0327,1695,78.0,13.7,100,40.0,29.6,4,8,8,10,8,38,0,1,,38
S0328,2810,108.1,17.8,96,55.0,28.1,10,10,6,10,10,46,0,1,,46
S0329,1290,63.0,26.1,76,65.0,7.7,2,8,4,4,10,28,6,0,jobs|openSpace,22
S0330,3550,154.7,32.0,76,95.0,5.1,10,10,2,4,10,36,3,0,openSpace,33
S0331,2338,128.1,26.7,65,0.0,8.7,8,10,4,0,0,22,9,0,affordable|openSpace|livability,13
S0332,3130,124.2,29.9,93,95.0,29.1,10,10,4,8,10,42,0,1,,42
S0333,3533,176.8,34.5,55,5.0,3.1,10,10,2,0,0,22,9,0,affordable|openSpace|livability,13
S0334,2374,99.2,19.5,97,65.0,20.9,8,8,6,10,10,42,0,1,,42
S0335,1915,87.4,18.8,89,20.0,23.0,6,8,6,8,4,32,0,1,,32
S0336,1570,41.2,15.7,82,5.0,33.7,4,6,6,6,0,22,3,0,affordable,19
S0337,1502,48.3,26.4,93,85.0,42.9,4,6,4,8,10,32,0,1,,32
S0338,3206,162.6,30.4,69,30.0,7.1,10,10,2,0,6,28,6,0,openSpace|livability,22
S0339,1232,45.6,11.5,100,45.0,28.6,2,6,8,10,10,36,3,0,jobs,33
S0340,1410,43.0,22.3,96,65.0,33.7,4,6,4,10,10,34,0,1,,34
S0341,1238,-0.1,2.1,100,95.0,41.8,2,0,10,10,10,32,6,0,jobs|profit,26
S0342,1990,85.5,15.2,92,35.0,28.1,6,8,6,8,8,36,0,1,,36
S0343,1950,77.6,15.5,97,75.0,25.5,6,8,6,10,10,40,0,1,,40
S0344,2186,104.9,21.2,90,45.0,14.8,6,10,6,8,10,40,0,1,,40
S0345,1644,91.9,15.9,86,15.0,25.0,4,8,6,6,4,28,0,1,,28
S0346,2884,143.4,29.6,79,70.0,8.2,10,10,4,4,10,38,3,0,openSpace,35
S0347,2172,114.6,28.2,79,40.0,9.2,6,10,4,4,8,32,3,0,openSpace,29
S0348,2390,74.1,28.2,83,15.0,27.6,8,8,4,6,4,30,0,1,,30
S0349,2662,125.3,16.1,89,25.0,29.6,8,10,6,8,6,38,0,1,,38
S0350,1794,92.4,20.3,82,65.0,8.2,6,8,6,6,10,36,3,0,openSpace,33
S0351,2264,94.2,16.0,96,65.0,26.0,8,8,6,10,10,42,0,1,,42
S0352,1636,74.2,18.3,92,85.0,17.3,4,8,6,8,10,36,0,1,,36
S0353,2710,116.2,32.5,84,15.0,20.4,8,10,2,6,4,30,0,1,,30
S0354,2965,102.8,31.3,89,80.0,16.3,10,10,2,8,10,40,0,1,,40
S0355,2188,102.0,27.3,77,75.0,5.1,6,10,4,4,10,34,3,0,openSpace,31
S0356,2320,94.5,21.3,81,5.0,23.0,8,8,6,6,0,28,3,0,affordable,25
S0357,1845,57.1,16.2,93,35.0,26.0,6,6,6,8,8,34,0,1,,34
S0358,3490,152.8,34.8,83,80.0,10.2,10,10,2,6,10,38,0,1,,38
S0359,2630,133.5,18.8,96,65.0,23.0,8,10,6,10,10,44,0,1,,44
S0360,2786,152.4,23.3,90,55.0,12.2,8,10,4,8,10,40,0,1,,40
S0361,1914,85.4,12.1,100,95.0,33.7,6,8,8,10,10,42,0,1,,42
S0362,1794,89.2,21.1,79,15.0,13.3,6,8,6,4,4,28,0,1,,28
S0363,1690,75.0,12.3,100,95.0,30.6,4,8,8,10,10,40,0,1,,40
S0364,1348,61.2,5.2,91,15.0,36.7,4,8,10,8,4,34,0,1,,34
S0365,3160,99.8,29.4,94,55.0,33.7,10,8,4,8,10,40,0,1,,40
S0366,1394,45.0,10.4,94,25.0,33.7,4,6,8,8,6,32,0,1,,32
S0367,2230,113.4,21.7,85,25.0,16.3,8,10,6,6,6,36,0,1,,36
S0368,2546,142.1,26.5,73,30.0,7.1,8,10,4,2,6,30,3,0,openSpace,27
S0369,2914,82.8,22.4,96,75.0,26.0,10,8,4,10,10,42,0,1,,42
S0370,2604,112.8,25.2,78,10.0,13.3,8,10,4,4,2,28,0,1,,28
S0371,1588,63.8,17.8,92,85.0,18.9,4,8,6,8,10,36,0,1,,36
S0372,2162,101.2,16.6,86,15.0,27.0,6,10,6,6,4,32,0,1,,32
S0373,2624,151.8,26.6,76,35.0,8.2,8,10,4,4,8,34,3,0,openSpace,31
S0374,1740,73.3,25.6,84,10.0,21.4,6,8,4,6,2,26,0,1,,26
S0375,1546,34.3,2.7,86,5.0,22.4,4,6,10,6,0,26,3,0,affordable,23
S0376,2308,88.2,16.4,86,10.0,26.5,8,8,6,6,2,30,0,1,,30
S0377,2344,107.3,21.8,92,40.0,18.4,8,10,6,8,8,40,0,1,,40
S0378,1828,61.4,8.4,90,10.0,36.7,6,8,8,8,2,32,0,1,,32
S0379,1648,-49.8,4.8,77,95.0,3.6,4,0,10,4,10,28,6,0,openSpace|profit,22
S0380,2198,115.6,18.3,87,25.0,18.9,6,10,6,6,6,34,0,1,,34
S0381,1908,110.5,23.6,78,20.0,11.2,6,10,4,4,4,28,0,1,,28
S0382,2368,57.6,25.8,86,95.0,12.8,8,6,4,6,10,34,0,1,,34
S0383,1784,19.7,5.0,100,100.0,20.9,6,4,10,10,10,40,0,1,,40
S0384,1648,64.1,14.9,91,15.0,21.4,4,8,8,8,4,32,0,1,,32
S0385,2064,58.4,14.1,96,30.0,33.7,6,6,8,10,6,36,0,1,,36
S0386,1370,23.5,13.2,90,25.0,19.9,4,4,8,8,6,30,0,1,,30
S0387,1464,30.5,7.4,100,85.0,26.0,4,6,10,10,10,40,0,1,,40
S0388,2574,100.9,17.7,97,65.0,23.5,8,10,6,10,10,44,0,1,,44
S0389,2046,82.0,25.5,76,55.0,7.1,6,8,4,4,10,32,3,0,openSpace,29
S0390,2354,54.1,22.8,93,90.0,18.4,8,6,4,8,10,36,0,1,,36
S0391,2094,126.8,25.7,73,30.0,5.6,6,10,4,2,6,28,3,0,openSpace,25
S0392,1439,86.5,15.5,96,95.0,20.9,4,8,6,10,10,38,0,1,,38
S0393,1530,75.0,13.6,97,30.0,23.0,4,8,8,10,6,36,0,1,,36
S0394,4126,198.0,31.2,86,55.0,13.8,10,10,2,6,10,38,0,1,,38
S0395,1666,32.8,3.5,82,5.0,19.9,4,6,10,6,0,26,3,0,affordable,23
S0396,3425,163.0,28.4,82,30.0,12.8,10,10,4,6,6,36,0,1,,36
S0397,3010,99.5,21.3,82,0.0,28.1,10,8,6,6,0,30,3,0,affordable,27
S0398,1508,33.4,4.2,93,20.0,29.1,4,6,10,8,4,32,0,1,,32
S0399,1964,71.3,9.2,80,25.0,8.2,6,8,8,6,6,34,3,0,openSpace,31
S0400,3050,106.4,15.9,97,70.0,33.2,10,10,6,10,10,46,0,1,,46
S0401,1736,58.9,8.8,93,95.0,14.8,6,6,8,8,10,38,0,1,,38
S0402,2808,108.1,21.0,89,20.0,24.0,10,10,6,8,4,38,0,1,,38
S0403,2636,145.6,17.9,83,10.0,19.9,8,10,6,6,2,32,0,1,,32
S0404,3276,142.2,28.0,86,40.0,14.8,10,10,4,6,8,38,0,1,,38
S0405,1966,99.5,18.9,92,75.0,19.9,6,8,6,8,10,38,0,1,,38
S0406,1835,89.9,9.9,100,80.0,33.7,6,8,8,10,10,42,0,1,,42
S0407,2904,108.2,23.1,94,100.0,18.4,10,10,4,8,10,42,0,1,,42
S0408,1210,35.3,5.9,100,50.0,40.8,2,6,10,10,10,38,3,0,jobs,35
S0409,1752,95.4,10.2,93,20.0,35.2,6,8,8,8,4,34,0,1,,34
S0410,1874,93.7,22.7,85,50.0,10.7,6,8,4,6,10,34,0,1,,34
S0411,2132,98.1,15.0,90,10.0,27.0,6,8,8,8,2,32,0,1,,32
S0412,2305,67.7,15.0,92,30.0,34.2,8,8,8,8,6,38,0,1,,38
S0413,3132,108.3,20.0,92,35.0,29.6,10,10,6,8,8,42,0,1,,42
S0414,2790,99.9,28.9,90,35.0,21.4,8,8,4,8,8,36,0,1,,36
S0415,1672,121.1,28.1,63,25.0,4.1,4,10,4,0,6,24,6,0,openSpace|livability,18
S0416,1458,76.9,18.7,90,50.0,13.8,4,8,6,8,10,36,0,1,,36
S0417,3106,143.9,27.2,87,90.0,12.2,10,10,4,6,10,40,0,1,,40
S0418,1668,86.0,26.7,78,5.0,38.8,4,8,4,4,0,20,3,0,affordable,17
S0419,1912,88.0,23.8,83,50.0,9.2,6,8,4,6,10,34,3,0,openSpace,31
S0420,2626,125.3,28.5,76,40.0,7.1,8,10,4,4,8,34,3,0,openSpace,31
S0421,1830,95.6,16.6,96,50.0,21.9,6,8,6,10,10,40,0,1,,40
S0422,2844,140.7,26.2,75,30.0,8.2,10,10,4,4,6,34,3,0,openSpace,31
S0423,3370,123.2,30.7,93,90.0,24.5,10,10,2,8,10,40,0,1,,40
S0424,1144,30.8,10.4,96,65.0,18.4,2,6,8,10,10,36,3,0,jobs,33
S0425,2516,95.0,20.5,97,90.0,22.4,8,8,6,10,10,42,0,1,,42
S0426,2794,133.2,25.1,79,15.0,15.8,8,10,4,4,4,30,0,1,,30
S0427,1406,37.5,19.7,97,50.0,35.2,4,6,6,10,10,36,0,1,,36
S0428,2732,141.6,28.5,93,100.0,26.5,8,10,4,8,10,40,0,1,,40
S0429,2238,68.8,27.1,83,60.0,11.2,8,8,4,6,10,36,0,1,,36
S0430,1752,118.4,20.1,89,40.0,14.3,6,10,6,8,8,38,0,1,,38
S0431,1706,69.9,8.7,94,20.0,27.6,6,8,8,8,4,34,0,1,,34
S0432,1722,73.1,11.6,100,100.0,27.0,6,8,8,10,10,42,0,1,,42
S0433,2629,124.3,30.1,66,35.0,4.6,8,10,2,0,8,28,6,0,openSpace|livability,22
S0434,1970,95.2,25.0,78,5.0,26.0,6,8,4,4,0,22,3,0,affordable,19
S0435,1323,77.8,10.2,100,90.0,30.6,4,8,8,10,10,40,0,1,,40
S0436,3101,139.9,28.6,75,20.0,10.2,10,10,4,4,4,32,0,1,,32
S0437,1204,32.3,13.8,94,95.0,13.3,2,6,8,8,10,34,3,0,jobs,31
S0438,2806,124.0,30.4,64,5.0,9.7,10,10,2,0,0,22,9,0,affordable|openSpace|livability,13
S0439,1996,113.8,23.7,75,30.0,7.1,6,10,4,4,6,30,3,0,openSpace,27
S0440,3708,179.8,34.7,77,50.0,7.1,10,10,2,4,10,36,3,0,openSpace,33
S0441,2300,83.5,19.2,93,35.0,23.0,8,8,6,8,8,38,0,1,,38
S0442,1098,86.6,22.5,82,55.0,8.2,2,8,4,6,10,30,6,0,jobs|openSpace,24
S0443,1863,49.6,13.5,100,100.0,32.1,6,6,8,10,10,40,0,1,,40
S0444,2744,89.5,32.3,94,65.0,37.8,8,8,2,8,10,36,0,1,,36
S0445,2756,107.9,27.7,86,70.0,12.2,8,10,4,6,10,38,0,1,,38
S0446,1578,29.8,8.2,79,15.0,11.2,4,4,8,4,4,24,0,1,,24
S0447,2154,103.2,15.9,90,25.0,26.0,6,10,6,8,6,36,0,1,,36
S0448,2952,82.9,19.5,96,50.0,29.6,10,8,6,10,10,44,0,1,,44
S0449,2442,73.8,25.5,86,70.0,14.3,8,8,4,6,10,36,0,1,,36
S0450,1822,59.4,9.0,100,45.0,39.8,6,6,8,10,10,40,0,1,,40
S0451,2668,110.4,18.8,97,100.0,24.0,8,10,6,10,10,44,0,1,,44
S0452,2176,69.1,18.5,93,30.0,25.0,6,8,6,8,6,34,0,1,,34
S0453,2134,106.0,25.1,69,15.0,8.2,6,10,4,0,4,24,6,0,openSpace|livability,18
S0454,1680,62.1,14.5,97,35.0,25.5,4,8,8,10,8,38,0,1,,38
S0455,1650,77.2,23.5,96,45.0,26.0,4,8,4,10,10,36,0,1,,36
S0456,2820,82.1,24.1,96,95.0,20.4,10,8,4,10,10,42,0,1,,42
S0457,2024,65.7,18.5,93,30.0,20.9,6,8,6,8,6,34,0,1,,34
S0458,1480,52.1,10.8,100,85.0,33.2,4,6,8,10,10,38,0,1,,38
S0459,2406,106.5,30.0,77,55.0,6.1,8,10,4,4,10,36,3,0,openSpace,33
S0460,2154,85.8,6.3,100,65.0,28.6,6,8,10,10,10,44,0,1,,44
S0461,2600,149.2,31.5,63,20.0,4.1,8,10,2,0,4,24,6,0,openSpace|livability,18
S0462,2196,88.5,12.2,100,55.0,34.2,6,8,8,10,10,42,0,1,,42
S0463,1482,59.5,14.1,100,90.0,21.9,4,6,8,10,10,38,0,1,,38
S0464,2276,80.8,10.5,70,25.0,4.6,8,8,8,2,6,32,3,0,openSpace,29
S0465,2652,122.4,28.2,79,60.0,9.2,8,10,4,4,10,36,3,0,openSpace,33
S0466,1746,22.9,5.2,93,90.0,14.8,6,4,10,8,10,38,0,1,,38
S0467,1892,76.9,22.2,89,85.0,13.3,6,8,4,8,10,36,0,1,,36
S0468,3306,117.9,18.9,87,15.0,30.1,10,10,6,6,4,36,0,1,,36
S0469,1860,95.7,18.6,96,70.0,21.4,6,8,6,10,10,40,0,1,,40
S0470,2464,66.1,4.4,86,5.0,20.9,8,8,10,6,0,32,3,0,affordable,29
S0471,1834,67.1,16.7,96,70.0,26.0,6,8,6,10,10,40,0,1,,40
S0472,2522,112.7,9.6,85,5.0,27.0,8,10,8,6,0,32,3,0,affordable,29
S0473,2410,99.4,30.0,86,45.0,12.2,8,8,4,6,10,36,0,1,,36
S0474,2404,91.6,28.4,95,65.0,29.6,8,8,4,10,10,40,0,1,,40
S0475,1426,33.0,20.3,89,95.0,12.2,4,6,6,8,10,34,0,1,,34
S0476,1812,70.7,15.3,96,65.0,27.0,6,8,6,10,10,40,0,1,,40
S0477,1042,19.2,8.7,100,75.0,21.9,2,4,8,10,10,34,3,0,jobs,31
S0478,1946,107.3,23.7,64,0.0,7.1,6,10,4,0,0,20,9,0,affordable|openSpace|livability,11
S0479,1360,26.2,1.2,100,75.0,26.0,4,4,10,10,10,38,0,1,,38
S0480,1784,97.1,26.4,69,20.0,5.6,6,8,4,0,4,22,6,0,openSpace|livability,16
S0481,2184,107.2,16.4,92,30.0,20.9,6,10,6,8,6,36,0,1,,36
S0482,1974,91.3,9.7,100,40.0,28.6,6,8,8,10,8,40,0,1,,40
S0483,3092,178.6,28.2,77,80.0,6.6,10,10,4,4,10,38,3,0,openSpace,35
S0484,2502,99.5,20.7,97,65.0,21.9,8,8,6,10,10,42,0,1,,42
S0485,2336,135.7,29.6,64,20.0,3.1,8,10,4,0,4,26,6,0,openSpace|livability,20
S0486,2404,69.4,17.2,96,90.0,28.6,8,8,6,10,10,42,0,1,,42
S0487,1582,36.7,5.6,100,40.0,29.6,4,6,10,10,8,38,0,1,,38
S0488,2454,116.3,16.7,81,5.0,26.0,8,10,6,6,0,30,3,0,affordable,27
S0489,1770,64.5,25.6,86,65.0,13.8,6,8,4,6,10,34,0,1,,34
S0490,1596,15.9,2.2,100,75.0,30.1,4,4,10,10,10,38,0,1,,38
S0491,714,-16.6,15.3,89,75.0,13.3,0,0,6,8,10,24,6,0,jobs|profit,18
S0492,1320,36.8,15.5,96,40.0,25.5,4,6,6,10,8,34,0,1,,34
S0493,2508,124.2,14.8,100,65.0,28.1,8,10,8,10,10,46,0,1,,46
S0494,2431,48.1,11.8,100,85.0,40.3,8,6,8,10,10,42,0,1,,42
S0495,1907,85.9,17.0,96,70.0,22.4,6,8,6,10,10,40,0,1,,40
S0496,2704,50.9,4.3,86,65.0,8.2,8,6,10,6,10,40,3,0,openSpace,37
S0497,2044,56.5,13.4,100,75.0,33.2,6,6,8,10,10,40,0,1,,40
S0498,1838,121.9,25.4,76,75.0,6.1,6,10,4,4,10,34,3,0,openSpace,31
S0499,2624,89.2,12.2,100,65.0,38.8,8,8,8,10,10,44,0,1,,44
S0500,2206,105.3,20.4,83,15.0,19.9,8,10,6,6,4,34,0,1,,34
S0501,1416,64.9,21.7,87,15.0,33.7,4,8,6,6,4,28,0,1,,28
S0502,1532,36.8,15.2,96,65.0,27.0,4,6,6,10,10,36,0,1,,36
S0503,1992,99.6,14.8,100,95.0,29.6,6,8,8,10,10,42,0,1,,42
S0504,2184,53.5,13.0,100,45.0,37.2,6,6,8,10,10,40,0,1,,40
S0505,1892,68.7,15.3,87,10.0,21.9,6,8,6,6,2,28,0,1,,28
S0506,2284,87.0,22.6,92,90.0,18.4,8,8,4,8,10,38,0,1,,38
S0507,1690,84.9,14.8,96,35.0,25.5,4,8,8,10,8,38,0,1,,38
S0508,3228,125.4,31.4,75,20.0,11.2,10,10,2,4,4,30,0,1,,30
S0509,1736,38.6,4.8,86,5.0,20.4,6,6,10,6,0,28,3,0,affordable,25
S0510,3156,151.9,29.6,71,70.0,4.6,10,10,4,2,10,36,3,0,openSpace,33
S0511,2010,101.5,25.1,75,5.0,15.3,6,10,4,4,0,24,3,0,affordable,21
S0512,2272,109.7,21.1,93,80.0,16.8,8,10,6,8,10,42,0,1,,42
S0513,1916,93.1,13.6,100,80.0,27.6,6,8,8,10,10,42,0,1,,42
S0514,1281,23.1,22.0,96,100.0,30.6,2,4,6,10,10,32,3,0,jobs,29
S0515,2282,113.1,12.6,100,45.0,32.1,8,10,8,10,10,46,0,1,,46
S0516,1954,112.5,12.6,97,30.0,28.6,6,10,8,10,6,40,0,1,,40
S0517,1258,30.3,8.3,100,60.0,36.7,2,6,8,10,10,36,3,0,jobs,33
S0518,1786,79.9,14.8,90,10.0,27.6,6,8,8,8,2,32,0,1,,32
S0519,2428,56.0,13.5,100,85.0,36.7,8,6,8,10,10,42,0,1,,42
S0520,3204,139.9,24.4,92,55.0,18.4,10,10,4,8,10,42,0,1,,42
S0521,1992,137.5,22.7,76,25.0,8.2,6,10,4,4,6,30,3,0,openSpace,27
S0522,2037,78.2,22.2,83,10.0,16.3,6,8,4,6,2,26,0,1,,26
S0523,1908,86.9,23.0,90,85.0,13.8,6,8,4,8,10,36,0,1,,36
S0524,1424,77.6,13.4,96,45.0,17.9,4,8,8,10,10,40,0,1,,40
S0525,2044,94.7,20.7,87,10.0,24.5,6,8,6,6,2,28,0,1,,28
S0526,1816,71.3,14.2,100,45.0,29.6,6,8,8,10,10,42,0,1,,42
S0527,3076,126.8,31.0,60,15.0,4.6,10,10,2,0,4,26,6,0,openSpace|livability,20
S0528,3026,106.1,32.1,90,85.0,16.3,10,10,2,8,10,40,0,1,,40
S0529,2138,104.5,27.6,76,75.0,5.1,6,10,4,4,10,34,3,0,openSpace,31
S0530,1828,-36.4,0.0,100,95.0,26.5,6,0,10,10,10,36,3,0,profit,33
S0531,2218,100.3,29.0,70,90.0,3.6,8,10,4,2,10,34,3,0,openSpace,31
S0532,2792,123.7,22.5,93,70.0,16.8,8,10,4,8,10,40,0,1,,40
S0533,2026,99.4,12.5,96,45.0,19.9,6,8,8,10,10,42,0,1,,42
S0534,1774,54.7,12.8,83,100.0,5.6,6,6,8,6,10,36,3,0,openSpace,33
S0535,1584,70.6,23.6,80,85.0,5.6,4,8,4,6,10,32,3,0,openSpace,29
S0536,1740,89.3,22.3,97,65.0,30.6,6,8,4,10,10,38,0,1,,38
S0537,2378,91.8,22.1,92,90.0,16.3,8,8,4,8,10,38,0,1,,38
S0538,1710,76.4,16.1,96,45.0,23.0,6,8,6,10,10,40,0,1,,40
S0539,1700,72.6,17.6,96,40.0,23.0,6,8,6,10,8,38,0,1,,38
S0540,2852,112.8,25.6,89,60.0,16.8,10,10,4,8,10,42,0,1,,42
S0541,1516,62.8,7.3,100,55.0,36.2,4,8,10,10,10,42,0,1,,42
S0542,1398,98.4,19.2,77,5.0,16.3,4,8,6,4,0,22,3,0,affordable,19
S0543,1766,38.2,8.0,96,60.0,17.3,6,6,10,10,10,42,0,1,,42
S0544,2710,150.2,24.0,90,60.0,12.8,8,10,4,8,10,40,0,1,,40
S0545,3454,161.5,30.8,79,45.0,8.2,10,10,2,4,10,36,3,0,openSpace,33
S0546,2521,106.9,17.4,81,5.0,25.0,8,10,6,6,0,30,3,0,affordable,27
S0547,2186,112.5,16.0,96,45.0,25.0,6,10,6,10,10,42,0,1,,42
S0548,2376,121.3,26.5,75,35.0,9.7,8,10,4,4,8,34,3,0,openSpace,31
S0549,1556,36.1,16.1,88,35.0,16.3,4,6,6,8,8,32,0,1,,32
S0550,2160,118.4,20.0,92,65.0,17.3,6,10,6,8,10,40,0,1,,40
S0551,2656,80.7,23.5,93,55.0,19.9,8,8,4,8,10,38,0,1,,38
S0552,2517,105.3,22.5,92,55.0,19.4,8,10,4,8,10,40,0,1,,40
S0553,1780,66.2,17.7,92,90.0,19.4,6,8,6,8,10,38,0,1,,38
S0554,2508,82.0,20.8,93,65.0,18.9,8,8,6,8,10,40,0,1,,40
S0555,3042,124.3,18.2,87,10.0,29.6,10,10,6,6,2,34,0,1,,34
S0556,2088,65.7,6.7,100,85.0,29.1,6,8,10,10,10,44,0,1,,44
S0557,2360,56.1,14.0,100,70.0,25.5,8,6,8,10,10,42,0,1,,42
S0558,2448,120.2,26.1,76,70.0,6.1,8,10,4,4,10,36,3,0,openSpace,33
S0559,2520,77.3,29.6,93,70.0,21.4,8,8,4,8,10,38,0,1,,38
S0560,1602,-25.5,0.0,100,85.0,21.9,4,0,10,10,10,34,3,0,profit,31
S0561,2508,79.0,21.8,93,65.0,18.9,8,8,6,8,10,40,0,1,,40
S0562,1944,74.1,22.4,90,70.0,13.3,6,8,4,8,10,36,0,1,,36
S0563,2614,105.6,12.1,100,80.0,20.9,8,10,8,10,10,46,0,1,,46
S0564,3660,172.3,34.2,69,25.0,7.7,10,10,2,0,6,28,6,0,openSpace|livability,22
S0565,2992,121.6,23.8,92,70.0,19.4,10,10,4,8,10,42,0,1,,42
S0566,2800,134.8,31.0,69,25.0,6.1,10,10,2,0,6,28,6,0,openSpace|livability,22
S0567,2514,111.9,25.2,78,30.0,10.7,8,10,4,4,6,32,0,1,,32
S0568,2182,115.3,24.0,86,100.0,10.7,6,10,4,6,10,36,0,1,,36
S0569,1798,91.1,27.3,93,95.0,23.5,6,8,4,8,10,36,0,1,,36
S0570,2980,99.1,22.0,97,95.0,23.0,10,8,6,10,10,44,0,1,,44
S0571,758,14.8,12.6,100,80.0,21.4,0,4,8,10,10,32,3,0,jobs,29
S0572,2480,132.3,26.7,67,5.0,10.2,8,10,4,0,0,22,6,0,affordable|livability,16
S0573,2525,107.5,20.0,81,0.0,23.0,8,10,6,6,0,30,3,0,affordable,27
S0574,2812,122.7,21.6,86,10.0,21.9,10,10,6,6,2,34,0,1,,34
S0575,2578,111.9,23.1,92,75.0,16.3,8,10,4,8,10,40,0,1,,40
S0576,3176,153.4,26.4,65,5.0,9.7,10,10,4,0,0,24,9,0,affordable|openSpace|livability,15
S0577,1992,108.8,21.3,80,25.0,11.7,6,10,6,6,6,34,0,1,,34
S0578,3038,146.6,28.8,79,95.0,8.7,10,10,4,4,10,38,3,0,openSpace,35
S0579,2026,120.6,26.7,66,35.0,4.6,6,10,4,0,8,28,6,0,openSpace|livability,22
S0580,2808,110.6,21.5,85,20.0,19.9,10,10,6,6,4,36,0,1,,36
S0581,2058,107.2,11.3,96,35.0,34.2,6,10,8,10,8,42,0,1,,42
S0582,1764,93.9,25.8,86,25.0,23.0,6,8,4,6,6,30,0,1,,30
S0583,2386,73.2,7.4,93,40.0,14.8,8,8,10,8,8,42,0,1,,42
S0584,3148,150.6,30.5,76,100.0,6.1,10,10,2,4,10,36,3,0,openSpace,33
S0585,1018,6.6,4.6,100,70.0,41.8,2,2,10,10,10,34,3,0,jobs,31
S0586,2820,121.8,19.4,96,50.0,25.5,10,10,6,10,10,46,0,1,,46
S0587,1342,28.4,12.2,100,60.0,29.6,4,4,8,10,10,36,0,1,,36
S0588,1590,68.8,11.9,91,15.0,30.6,4,8,8,8,4,32,0,1,,32
S0589,3693,154.0,23.9,96,70.0,22.4,10,10,4,10,10,44,0,1,,44
S0590,1272,69.9,14.8,94,20.0,24.5,2,8,8,8,4,30,3,0,jobs,27
S0591,3088,114.2,23.2,96,60.0,22.4,10,10,4,10,10,44,0,1,,44
S0592,1558,56.0,18.8,89,55.0,13.8,4,6,6,8,10,34,0,1,,34
S0593,1756,80.5,17.0,92,35.0,25.0,6,8,6,8,8,36,0,1,,36
S0594,2969,137.9,31.8,82,60.0,10.7,10,10,2,6,10,38,0,1,,38
S0595,1150,53.6,20.1,96,45.0,24.5,2,6,6,10,10,34,3,0,jobs,31
S0596,1700,74.9,15.2,97,65.0,23.0,6,8,6,10,10,40,0,1,,40
S0597,1660,25.7,13.0,100,55.0,30.6,4,4,8,10,10,36,0,1,,36
S0598,1598,44.7,26.9,93,90.0,33.7,4,6,4,8,10,32,0,1,,32
S0599,2878,127.6,29.2,74,25.0,8.7,10,10,4,2,6,32,3,0,openSpace,29
S0600,2488,82.9,18.5,96,40.0,29.1,8,8,6,10,8,40,0,1,,40
S0601,1230,55.5,19.5,92,95.0,16.8,2,6,6,8,10,32,3,0,jobs,29
S0602,1862,97.9,18.1,92,50.0,16.8,6,8,6,8,10,38,0,1,,38
S0603,2790,128.0,30.4,82,90.0,10.7,8,10,2,6,10,36,0,1,,36
S0604,2653,113.5,19.2,96,55.0,25.5,8,10,6,10,10,44,0,1,,44
S0605,2200,93.9,17.9,97,55.0,21.9,8,8,6,10,10,42,0,1,,42
S0606,2870,149.8,28.8,76,80.0,5.1,10,10,4,4,10,38,3,0,openSpace,35
S0607,2024,119.7,26.4,71,40.0,3.1,6,10,4,2,8,30,3,0,openSpace,27
S0608,2313,139.2,23.5,79,30.0,9.7,8,10,4,4,6,32,3,0,openSpace,29
S0609,1852,66.3,24.3,79,35.0,9.2,6,8,4,4,8,30,3,0,openSpace,27
S0610,1986,125.3,25.1,62,5.0,7.1,6,10,4,0,0,20,9,0,affordable|openSpace|livability,11
S0611,1668,66.5,3.8,92,15.0,39.3,4,8,10,8,4,34,0,1,,34
S0612,2276,110.3,30.1,89,65.0,16.3,8,10,2,8,10,38,0,1,,38
S0613,1514,63.2,13.0,85,0.0,28.6,4,8,8,6,0,26,3,0,affordable,23
S0614,2206,91.0,15.7,92,35.0,27.6,8,8,6,8,8,38,0,1,,38
S0615,2102,90.6,16.2,89,20.0,24.5,6,8,6,8,4,32,0,1,,32
S0616,2250,81.6,29.1,76,55.0,7.7,8,8,4,4,10,34,3,0,openSpace,31
S0617,2240,58.8,8.7,97,35.0,44.4,8,6,8,10,8,40,0,1,,40
S0618,2121,64.4,22.3,92,35.0,41.3,6,8,4,8,8,34,0,1,,34
S0619,2104,116.6,25.8,76,45.0,5.6,6,10,4,4,10,34,3,0,openSpace,31
S0620,2412,135.8,20.4,72,20.0,6.6,8,10,6,2,4,30,3,0,openSpace,27
S0621,1320,53.6,22.2,90,20.0,32.1,4,6,4,8,4,26,0,1,,26
S0622,2304,107.9,23.1,83,15.0,15.8,8,10,4,6,4,32,0,1,,32
S0623,1610,68.9,18.6,92,70.0,17.9,4,8,6,8,10,36,0,1,,36
S0624,1484,70.7,13.3,100,40.0,23.5,4,8,8,10,8,38,0,1,,38
S0625,1954,29.6,1.1,85,5.0,23.5,6,4,10,6,0,26,3,0,affordable,23
S0626,2527,160.4,27.5,70,90.0,4.1,8,10,4,2,10,34,3,0,openSpace,31
S0627,1482,54.6,11.7,93,30.0,32.1,4,6,8,8,6,32,0,1,,32
S0628,1684,83.3,15.6,93,35.0,23.5,4,8,6,8,8,34,0,1,,34
S0629,2032,58.3,18.1,96,65.0,24.5,6,6,6,10,10,38,0,1,,38
S0630,1630,96.5,12.1,96,30.0,28.1,4,8,8,10,6,36,0,1,,36
S0631,2180,64.7,14.5,100,75.0,32.1,6,8,8,10,10,42,0,1,,42
S0632,2300,110.7,20.3,96,90.0,20.4,8,10,6,10,10,44,0,1,,44
S0633,1746,87.0,19.5,90,35.0,17.3,6,8,6,8,8,36,0,1,,36
S0634,2310,86.7,16.9,97,70.0,25.5,8,8,6,10,10,42,0,1,,42
S0635,1068,29.6,12.9,100,85.0,26.5,2,4,8,10,10,34,3,0,jobs,31
S0636,2714,118.9,20.6,97,65.0,20.9,8,10,6,10,10,44,0,1,,44
S0637,2898,125.5,29.7,76,95.0,6.1,10,10,4,4,10,38,3,0,openSpace,35
S0638,2480,127.8,23.9,92,55.0,15.3,8,10,4,8,10,40,0,1,,40
S0639,1660,112.9,24.0,73,20.0,7.7,4,10,4,2,4,24,3,0,openSpace,21
S0640,1370,77.1,10.2,100,40.0,25.0,4,8,8,10,8,38,0,1,,38
S0641,1290,45.8,7.0,85,5.0,20.4,2,6,10,6,0,24,6,0,jobs|affordable,18
S0642,1288,51.6,9.6,100,70.0,29.1,2,6,8,10,10,36,3,0,jobs,33
S0643,2056,90.0,11.6,93,25.0,32.7,6,8,8,8,6,36,0,1,,36
S0644,1914,77.3,9.7,86,0.0,36.2,6,8,8,6,0,28,3,0,affordable,25
S0645,2048,110.4,25.0,75,25.0,8.7,6,10,4,4,6,30,3,0,openSpace,27
S0646,2082,73.9,16.6,96,60.0,27.0,6,8,6,10,10,40,0,1,,40
S0647,2248,128.1,24.2,75,10.0,11.2,8,10,4,4,2,28,0,1,,28
S0648,2540,119.0,17.8,90,20.0,25.5,8,10,6,8,4,36,0,1,,36
S0649,2150,91.6,29.0,93,70.0,30.6,6,8,4,8,10,36,0,1,,36
S0650,1360,15.5,20.0,96,60.0,47.4,4,4,6,10,10,34,0,1,,34
S0651,1838,62.6,16.0,96,60.0,25.5,6,8,6,10,10,40,0,1,,40
S0652,1770,30.8,19.5,97,65.0,35.7,6,6,6,10,10,38,0,1,,38
S0653,1198,45.6,21.2,89,50.0,12.2,2,6,6,8,10,32,3,0,jobs,29
S0654,2115,131.6,25.7,70,100.0,3.1,6,10,4,2,10,32,3,0,openSpace,29
S0655,3052,143.1,29.4,80,65.0,9.2,10,10,4,6,10,40,3,0,openSpace,37
S0656,2164,107.6,20.1,89,25.0,21.9,6,10,6,8,6,36,0,1,,36
S0657,2936,143.9,31.5,61,15.0,4.6,10,10,2,0,4,26,6,0,openSpace|livability,20
S0658,2182,93.9,28.7,67,35.0,4.1,6,8,4,0,8,26,6,0,openSpace|livability,20
S0659,2400,72.2,29.1,93,65.0,24.5,8,8,4,8,10,38,0,1,,38
S0660,1604,103.1,20.9,85,25.0,15.8,4,10,6,6,6,32,0,1,,32
S0661,1384,73.5,15.7,81,0.0,23.5,4,8,6,6,0,24,3,0,affordable,21
S0662,3362,171.8,31.0,82,40.0,10.2,10,10,2,6,8,36,0,1,,36
S0663,1976,106.1,13.2,100,70.0,27.0,6,10,8,10,10,44,0,1,,44
S0664,1642,67.5,12.1,100,65.0,29.6,4,8,8,10,10,40,0,1,,40
S0665,2180,94.8,17.6,94,30.0,23.0,6,8,6,8,6,34,0,1,,34
S0666,3694,140.5,35.8,69,15.0,9.2,10,10,0,0,4,24,9,0,openSpace|carbon|livability,15
S0667,1640,101.6,13.8,100,80.0,28.6,4,10,8,10,10,42,0,1,,42
S0668,1903,100.4,17.8,89,20.0,20.9,6,10,6,8,4,34,0,1,,34
S0669,3220,162.1,29.0,70,25.0,7.7,10,10,4,2,6,32,3,0,openSpace,29
S0670,1396,82.1,11.3,94,25.0,27.6,4,8,8,8,6,34,0,1,,34
S0671,2198,106.1,16.9,93,30.0,21.4,6,10,6,8,6,36,0,1,,36
S0672,2372,102.5,18.5,93,35.0,21.9,8,10,6,8,8,40,0,1,,40
S0673,2204,73.6,17.5,93,30.0,25.0,8,8,6,8,6,36,0,1,,36
S0674,2426,99.4,30.9,83,15.0,26.5,8,8,2,6,4,28,0,1,,28
S0675,2106,101.3,18.5,93,50.0,19.9,6,10,6,8,10,40,0,1,,40
S0676,2538,103.7,25.9,82,65.0,11.2,8,10,4,6,10,38,0,1,,38
S0677,1794,53.7,3.1,93,25.0,28.6,6,6,10,8,6,36,0,1,,36
S0678,2772,121.3,29.2,76,60.0,7.7,8,10,4,4,10,36,3,0,openSpace,33
S0679,1847,86.6,10.8,100,90.0,25.0,6,8,8,10,10,42,0,1,,42
S0680,2458,119.7,26.2,79,85.0,8.7,8,10,4,4,10,36,3,0,openSpace,33
S0681,2314,112.2,23.4,85,70.0,10.7,8,10,4,6,10,38,0,1,,38
S0682,2558,82.2,20.9,92,80.0,18.9,8,8,6,8,10,40,0,1,,40
S0683,2141,88.4,29.2,86,20.0,25.5,6,8,4,6,4,28,0,1,,28
S0684,2540,118.4,27.8,91,70.0,18.4,8,10,4,8,10,40,0,1,,40
S0685,2352,42.6,17.4,96,100.0,29.6,8,6,6,10,10,40,0,1,,40
S0686,2620,113.5,29.5,76,85.0,5.1,8,10,4,4,10,36,3,0,openSpace,33
S0687,1826,75.3,16.6,82,5.0,25.0,6,8,6,6,0,26,3,0,affordable,23
S0688,1096,66.7,14.2,90,25.0,17.3,2,8,8,8,6,32,3,0,jobs,29
S0689,1840,96.8,16.3,96,45.0,25.5,6,8,6,10,10,40,0,1,,40
S0690,2004,84.2,23.6,89,90.0,13.3,6,8,4,8,10,36,0,1,,36
S0691,2674,140.1,25.6,71,5.0,13.3,8,10,4,2,0,24,3,0,affordable,21
S0692,2018,57.0,14.8,100,60.0,29.1,6,6,8,10,10,40,0,1,,40
S0693,1036,30.4,17.9,93,65.0,17.3,2,6,6,8,10,32,3,0,jobs,29
S0694,2476,130.6,29.1,93,55.0,26.5,8,10,4,8,10,40,0,1,,40
S0695,2762,153.2,27.7,76,60.0,6.6,8,10,4,4,10,36,3,0,openSpace,33
S0696,874,-15.0,1.9,100,80.0,33.7,0,0,10,10,10,30,6,0,jobs|profit,24
S0697,2124,38.8,1.0,100,55.0,26.0,6,6,10,10,10,42,0,1,,42
S0698,2344,77.5,16.4,97,45.0,28.6,8,8,6,10,10,42,0,1,,42
S0699,1314,44.3,15.0,98,50.0,23.5,4,6,8,10,10,38,0,1,,38
S0700,2536,106.0,22.4,88,35.0,19.9,8,10,4,8,8,38,0,1,,38
S0701,3308,162.6,33.0,79,70.0,8.2,10,10,2,4,10,36,3,0,openSpace,33
S0702,1483,29.2,5.6,68,5.0,6.1,4,4,10,0,0,18,9,0,affordable|openSpace|livability,9
S0703,1742,77.8,11.1,91,10.0,32.1,6,8,8,8,2,32,0,1,,32
S0704,2115,96.3,22.1,93,45.0,17.9,6,8,4,8,10,36,0,1,,36
S0705,2120,115.5,24.1,75,0.0,12.8,6,10,4,4,0,24,3,0,affordable,21
S0706,1612,79.4,27.9,69,20.0,6.1,4,8,4,0,4,20,6,0,openSpace|livability,14
S0707,1284,52.3,10.3,85,5.0,28.6,2,6,8,6,0,22,6,0,jobs|affordable,16
S0708,2318,126.5,26.2,79,40.0,8.7,8,10,4,4,8,34,3,0,openSpace,31
S0709,2340,95.9,19.2,97,45.0,23.0,8,8,6,10,10,42,0,1,,42
S0710,1164,116.4,21.7,59,0.0,4.6,2,10,6,0,0,18,12,0,jobs|affordable|openSpace|livability,6
S0711,1296,71.5,13.3,100,40.0,22.4,2,8,8,10,8,36,3,0,jobs,33
S0712,2717,101.1,26.3,79,25.0,12.8,8,10,4,4,6,32,0,1,,32
S0713,2596,158.0,26.9,71,80.0,4.6,8,10,4,2,10,34,3,0,openSpace,31
S0714,2768,118.0,24.9,83,20.0,13.8,8,10,4,6,4,32,0,1,,32
S0715,1142,96.4,20.1,75,15.0,11.7,2,8,6,4,4,24,3,0,jobs,21
S0716,3118,152.7,30.9,77,80.0,6.1,10,10,2,4,10,36,3,0,openSpace,33
S0717,1828,74.7,9.3,97,75.0,19.9,6,8,8,10,10,42,0,1,,42
S0718,2648,117.2,17.5,96,80.0,29.1,8,10,6,10,10,44,0,1,,44
S0719,1716,46.9,7.5,100,45.0,40.3,6,6,10,10,10,42,0,1,,42
S0720,2178,101.1,23.2,80,85.0,6.1,6,10,4,6,10,36,3,0,openSpace,33
S0721,2648,62.5,30.7,93,95.0,42.9,8,8,2,8,10,36,0,1,,36
S0722,2086,124.1,26.7,83,85.0,11.2,6,10,4,6,10,36,0,1,,36
S0723,2564,112.7,27.2,93,40.0,26.0,8,10,4,8,8,38,0,1,,38
S0724,1952,113.3,22.5,81,35.0,11.7,6,10,4,6,8,34,0,1,,34
S0725,2648,163.4,25.4,78,30.0,11.2,8,10,4,4,6,32,0,1,,32
S0726,2968,116.6,32.6,86,45.0,13.3,10,10,2,6,10,38,0,1,,38
S0727,1884,75.2,14.0,91,10.0,31.1,6,8,8,8,2,32,0,1,,32
S0728,2358,79.7,24.1,89,75.0,13.8,8,8,4,8,10,38,0,1,,38
S0729,1974,104.2,29.3,76,35.0,9.2,6,10,4,4,8,32,3,0,openSpace,29
S0730,1998,78.9,17.3,96,45.0,21.4,6,8,6,10,10,40,0,1,,40
S0731,2286,78.4,14.6,100,70.0,32.7,8,8,8,10,10,44,0,1,,44
S0732,1536,58.5,3.5,100,50.0,39.8,4,6,10,10,10,40,0,1,,40
S0733,3174,152.9,32.6,66,15.0,5.6,10,10,2,0,4,26,6,0,openSpace|livability,20
S0734,2332,90.2,23.2,92,45.0,16.8,8,8,4,8,10,38,0,1,,38
S0735,2620,111.7,16.2,93,35.0,28.6,8,10,6,8,8,40,0,1,,40
S0736,2440,125.9,29.7,66,10.0,5.1,8,10,4,0,2,24,6,0,openSpace|livability,18
S0737,3514,157.3,26.9,86,80.0,13.3,10,10,4,6,10,40,0,1,,40
S0738,2174,106.3,20.6,83,25.0,14.8,6,10,6,6,6,34,0,1,,34
S0739,2022,119.8,26.3,62,0.0,6.6,6,10,4,0,0,20,9,0,affordable|openSpace|livability,11
S0740,1960,70.1,20.9,92,90.0,17.9,6,8,6,8,10,38,0,1,,38
S0741,2439,105.4,17.2,96,85.0,26.0,8,10,6,10,10,44,0,1,,44
S0742,2026,109.4,23.9,79,30.0,9.7,6,10,4,4,6,30,3,0,openSpace,27
S0743,1252,23.7,5.6,100,50.0,23.5,2,4,10,10,10,36,3,0,jobs,33
S0744,2502,150.0,16.5,94,55.0,19.4,8,10,6,8,10,42,0,1,,42
S0745,2402,78.3,27.5,79,80.0,9.7,8,8,4,4,10,34,3,0,openSpace,31
S0746,2338,116.7,23.8,85,20.0,16.3,8,10,4,6,4,32,0,1,,32
S0747,1962,93.6,16.3,97,40.0,24.5,6,8,6,10,8,38,0,1,,38
S0748,1230,31.2,18.8,92,70.0,19.9,2,6,6,8,10,32,3,0,jobs,29
S0749,1950,89.4,24.1,86,55.0,10.2,6,8,4,6,10,34,0,1,,34
S0750,1312,78.7,14.3,96,55.0,17.9,4,8,8,10,10,40,0,1,,40
S0751,2036,62.6,16.8,85,60.0,11.2,6,8,6,6,10,36,0,1,,36
S0752,2132,128.5,26.1,70,40.0,4.1,6,10,4,2,8,30,3,0,openSpace,27
S0753,2544,69.4,28.1,94,100.0,26.0,8,8,4,8,10,38,0,1,,38
S0754,1812,78.9,17.0,90,25.0,21.9,6,8,6,8,6,34,0,1,,34
S0755,1918,89.8,13.0,100,75.0,31.6,6,8,8,10,10,42,0,1,,42
S0756,2248,98.7,20.9,82,10.0,17.3,8,8,6,6,2,30,0,1,,30
S0757,1942,53.9,23.0,92,70.0,16.8,6,6,4,8,10,34,0,1,,34
S0758,1846,94.6,22.3,89,40.0,14.8,6,8,4,8,8,34,0,1,,34
S0759,1844,45.7,12.9,100,40.0,33.7,6,6,8,10,8,38,0,1,,38
S0760,1501,88.7,12.6,91,10.0,25.0,4,8,8,8,2,30,0,1,,30
S0761,2061,66.3,8.1,100,50.0,27.0,6,8,8,10,10,42,0,1,,42
S0762,2670,117.0,31.4,76,55.0,5.1,8,10,2,4,10,34,3,0,openSpace,31
S0763,1292,47.2,16.3,93,100.0,19.4,2,6,6,8,10,32,3,0,jobs,29
S0764,1788,52.6,29.2,89,95.0,18.4,6,6,4,8,10,34,0,1,,34
S0765,1544,48.5,11.7,100,90.0,28.6,4,6,8,10,10,38,0,1,,38
S0766,1944,57.4,5.0,100,40.0,23.5,6,6,10,10,8,40,0,1,,40
S0767,2390,98.7,23.6,86,65.0,10.2,8,8,4,6,10,36,0,1,,36
S0768,1884,63.2,14.8,94,25.0,28.6,6,8,8,8,6,36,0,1,,36
S0769,3052,151.9,32.6,77,15.0,12.2,10,10,2,4,4,30,0,1,,30
S0770,2576,87.8,16.9,81,0.0,32.7,8,8,6,6,0,28,3,0,affordable,25
S0771,1930,92.9,25.4,75,5.0,15.3,6,8,4,4,0,22,3,0,affordable,19
S0772,2078,79.8,19.4,96,75.0,21.4,6,8,6,10,10,40,0,1,,40
S0773,2170,74.3,14.5,100,45.0,32.1,6,8,8,10,10,42,0,1,,42
S0774,1940,74.0,24.3,96,40.0,23.0,6,8,4,10,8,36,0,1,,36
S0775,1932,81.2,14.2,78,40.0,4.1,6,8,8,4,8,34,3,0,openSpace,31
S0776,1776,137.7,23.3,70,35.0,3.6,6,10,4,2,8,30,3,0,openSpace,27
S0777,1706,102.3,18.9,89,50.0,14.8,6,10,6,8,10,40,0,1,,40
S0778,2030,59.5,16.4,96,50.0,27.6,6,6,6,10,10,38,0,1,,38
S0779,1788,66.2,23.0,89,85.0,14.8,6,8,4,8,10,36,0,1,,36
S0780,1740,37.9,12.7,100,65.0,30.6,6,6,8,10,10,40,0,1,,40
S0781,1752,90.0,25.3,76,85.0,6.6,6,8,4,4,10,32,3,0,openSpace,29
S0782,1386,39.9,16.8,86,40.0,11.2,4,6,6,6,8,30,0,1,,30
S0783,2550,79.3,18.1,97,50.0,27.6,8,8,6,10,10,42,0,1,,42
S0784,2378,137.2,25.5,79,70.0,8.7,8,10,4,4,10,36,3,0,openSpace,33
S0785,2130,112.0,29.7,89,80.0,17.3,6,10,4,8,10,38,0,1,,38
S0786,2848,95.1,18.9,96,95.0,26.5,10,8,6,10,10,44,0,1,,44
S0787,2000,30.9,10.3,82,35.0,9.2,6,6,8,6,8,34,3,0,openSpace,31
S0788,1258,57.4,14.6,100,70.0,24.0,2,6,8,10,10,36,3,0,jobs,33
S0789,2270,73.2,25.0,86,25.0,29.1,8,8,4,6,6,32,0,1,,32
S0790,1910,77.4,16.0,97,85.0,20.4,6,8,6,10,10,40,0,1,,40
S0791,1972,9.9,0.0,86,25.0,13.3,6,2,10,6,6,30,0,1,,30
S0792,2476,121.6,31.5,86,30.0,16.3,8,10,2,6,6,32,0,1,,32
S0793,2101,74.9,7.5,90,15.0,23.0,6,8,10,8,4,36,0,1,,36
S0794,2344,94.3,26.5,80,65.0,8.2,8,8,4,6,10,36,3,0,openSpace,33
S0795,2484,125.2,29.5,86,20.0,24.5,8,10,4,6,4,32,0,1,,32
S0796,2464,113.2,21.0,93,30.0,20.9,8,10,6,8,6,38,0,1,,38
S0797,2740,118.2,30.9,72,15.0,10.7,8,10,2,2,4,26,0,1,,26
S0798,1310,4.6,10.3,100,80.0,35.7,4,2,8,10,10,34,0,1,,34
S0799,1683,82.1,12.9,94,25.0,28.1,4,8,8,8,6,34,0,1,,34
S0800,1292,34.9,14.6,89,80.0,11.7,2,6,8,8,10,34,3,0,jobs,31
S0801,1931,99.5,24.8,76,35.0,7.7,6,8,4,4,8,30,3,0,openSpace,27
S0802,2184,99.5,18.3,96,50.0,21.9,6,8,6,10,10,40,0,1,,40
S0803,2766,114.1,29.2,71,40.0,4.6,8,10,4,2,8,32,3,0,openSpace,29
S0804,1683,51.3,16.6,92,30.0,25.0,4,6,6,8,6,30,0,1,,30
S0805,2380,109.4,29.5,86,80.0,12.2,8,10,4,6,10,38,0,1,,38
S0806,1728,27.5,0.0,100,75.0,39.3,6,4,10,10,10,40,0,1,,40
S0807,2468,125.1,27.7,75,30.0,8.7,8,10,4,4,6,32,3,0,openSpace,29
S0808,1802,108.1,19.7,79,15.0,14.3,6,10,6,4,4,30,0,1,,30
S0809,2038,64.7,15.6,73,55.0,3.6,6,8,6,2,10,32,3,0,openSpace,29
S0810,2757,162.6,26.7,89,65.0,18.4,8,10,4,8,10,40,0,1,,40
S0811,2820,111.4,32.6,90,65.0,18.4,10,10,2,8,10,40,0,1,,40
S0812,1674,52.7,11.8,93,25.0,31.1,4,6,8,8,6,32,0,1,,32
S0813,2016,100.6,19.7,85,20.0,17.3,6,10,6,6,4,32,0,1,,32
S0814,1240,28.3,9.4,100,75.0,23.0,2,4,8,10,10,34,3,0,jobs,31
S0815,2020,75.9,19.1,89,20.0,20.9,6,8,6,8,4,32,0,1,,32
S0816,2060,67.8,9.1,96,50.0,16.3,6,8,8,10,10,42,0,1,,42
S0817,2488,112.0,26.1,83,45.0,11.2,8,10,4,6,10,38,0,1,,38
S0818,2038,69.0,10.1,100,75.0,36.7,6,8,8,10,10,42,0,1,,42
S0819,1768,82.0,11.9,100,55.0,31.6,6,8,8,10,10,42,0,1,,42
S0820,2396,142.3,23.1,92,45.0,15.3,8,10,4,8,10,40,0,1,,40
S0821,1420,52.3,14.6,83,55.0,5.1,4,6,8,6,10,34,3,0,openSpace,31
S0822,1976,78.2,18.5,86,10.0,25.0,6,8,6,6,2,28,0,1,,28
S0823,1360,53.2,12.7,100,75.0,23.5,4,6,8,10,10,38,0,1,,38
S0824,2484,88.0,20.0,96,80.0,23.5,8,8,6,10,10,42,0,1,,42
S0825,2138,46.6,20.7,96,75.0,21.4,6,6,6,10,10,38,0,1,,38
S0826,1706,49.5,6.1,82,0.0,17.3,6,6,10,6,0,28,3,0,affordable,25
S0827,1644,84.8,27.9,80,10.0,19.4,4,8,4,6,2,24,0,1,,24
S0828,2300,61.2,12.1,100,75.0,33.2,8,8,8,10,10,44,0,1,,44
S0829,1456,5.5,3.2,100,90.0,22.4,4,2,10,10,10,36,0,1,,36
S0830,1677,90.9,26.5,89,50.0,15.3,4,8,4,8,10,34,0,1,,34
S0831,2669,125.7,20.5,77,5.0,19.9,8,10,6,4,0,28,3,0,affordable,25
S0832,2870,142.2,29.5,83,20.0,15.3,10,10,4,6,4,34,0,1,,34
S0833,1260,87.6,26.2,75,30.0,10.7,2,8,4,4,6,24,3,0,jobs,21
S0834,2056,97.2,19.3,88,30.0,19.9,6,8,6,8,6,34,0,1,,34
S0835,2240,103.8,28.3,89,65.0,16.8,8,10,4,8,10,40,0,1,,40
S0836,2802,121.3,22.8,92,45.0,19.4,10,10,4,8,10,42,0,1,,42
S0837,2664,80.0,15.2,90,25.0,33.7,8,8,6,8,6,36,0,1,,36
S0838,1489,12.6,13.2,100,100.0,28.6,4,4,8,10,10,36,0,1,,36
S0839,1876,136.7,19.8,83,15.0,15.3,6,10,6,6,4,32,0,1,,32
S0840,2120,88.3,13.1,100,70.0,32.7,6,8,8,10,10,42,0,1,,42
S0841,1501,37.4,4.4,81,0.0,19.9,4,6,10,6,0,26,3,0,affordable,23
S0842,2634,125.8,25.6,75,20.0,10.7,8,10,4,4,4,30,0,1,,30
S0843,1160,52.0,6.7,94,25.0,23.0,2,6,10,8,6,32,3,0,jobs,29
S0844,2224,100.2,27.4,77,80.0,5.6,8,10,4,4,10,36,3,0,openSpace,33
S0845,2468,117.1,25.4,79,30.0,11.2,8,10,4,4,6,32,0,1,,32
S0846,2926,141.6,19.3,83,0.0,25.0,10,10,6,6,0,32,3,0,affordable,29
S0847,2740,151.7,26.6,69,20.0,7.7,8,10,4,0,4,26,6,0,openSpace|livability,20
S0848,1666,91.6,17.7,85,25.0,19.9,4,8,6,6,6,30,0,1,,30
S0849,2142,101.1,21.6,86,25.0,16.8,6,10,6,6,6,34,0,1,,34
S0850,2122,88.2,14.3,100,45.0,29.6,6,8,8,10,10,42,0,1,,42
S0851,2212,88.6,20.8,93,85.0,15.8,8,8,6,8,10,40,0,1,,40
S0852,2190,100.4,17.1,86,10.0,24.0,6,10,6,6,2,30,0,1,,30
S0853,1916,52.4,11.6,100,50.0,35.2,6,6,8,10,10,40,0,1,,40
S0854,2560,83.7,22.4,86,15.0,23.0,8,8,4,6,4,30,0,1,,30
S0855,2560,110.2,19.8,97,40.0,21.4,8,10,6,10,8,42,0,1,,42
S0856,3431,163.3,31.8,71,60.0,4.6,10,10,2,2,10,34,3,0,openSpace,31
S0857,2168,105.9,20.5,77,0.0,16.3,6,10,6,4,0,26,3,0,affordable,23
S0858,1832,82.0,26.6,86,20.0,32.7,6,8,4,6,4,28,0,1,,28
S0859,2570,126.7,15.5,81,5.0,25.5,8,10,6,6,0,30,3,0,affordable,27
S0860,1660,62.0,15.0,100,50.0,25.5,4,8,8,10,10,40,0,1,,40
S0861,2044,94.0,29.5,89,30.0,23.5,6,8,4,8,6,32,0,1,,32
S0862,1798,28.0,0.0,100,80.0,29.1,6,4,10,10,10,40,0,1,,40
S0863,2827,116.3,23.7,92,65.0,18.4,10,10,4,8,10,42,0,1,,42
S0864,2284,109.9,29.8,70,80.0,3.1,8,10,4,2,10,34,3,0,openSpace,31
S0865,1828,69.8,28.7,89,95.0,16.3,6,8,4,8,10,36,0,1,,36
S0866,2992,130.8,27.0,89,85.0,15.8,10,10,4,8,10,42,0,1,,42
S0867,1752,64.9,10.2,96,30.0,32.1,6,8,8,10,6,38,0,1,,38
S0868,2380,66.3,27.6,84,15.0,30.6,8,8,4,6,4,30,0,1,,30
S0869,2580,92.3,30.9,93,65.0,24.5,8,8,2,8,10,36,0,1,,36
S0870,1258,53.4,16.5,79,90.0,6.1,2,6,6,4,10,28,6,0,jobs|openSpace,22
S0871,2812,118.7,19.5,96,80.0,25.0,10,10,6,10,10,46,0,1,,46
S0872,2240,118.1,21.7,93,55.0,15.3,8,10,6,8,10,42,0,1,,42
S0873,1976,71.1,14.2,100,60.0,30.1,6,8,8,10,10,42,0,1,,42
S0874,1530,76.8,23.9,96,45.0,21.4,4,8,4,10,10,36,0,1,,36
S0875,1168,76.7,9.8,91,15.0,28.6,2,8,8,8,4,30,3,0,jobs,27
S0876,2534,67.7,19.0,96,65.0,28.6,8,8,6,10,10,42,0,1,,42
S0877,1840,61.8,19.9,93,85.0,17.9,6,8,6,8,10,38,0,1,,38
S0878,1756,92.0,20.8,82,25.0,14.8,6,8,6,6,6,32,0,1,,32
S0879,2150,115.3,18.3,89,25.0,23.0,6,10,6,8,6,36,0,1,,36
S0880,2058,89.9,17.9,75,25.0,8.2,6,8,6,4,6,30,3,0,openSpace,27
S0881,1824,20.1,7.9,83,80.0,6.6,6,4,10,6,10,36,3,0,openSpace,33
S0882,1804,54.2,6.3,100,50.0,23.5,6,6,10,10,10,42,0,1,,42
S0883,2309,74.7,14.6,100,70.0,27.6,8,8,8,10,10,44,0,1,,44
S0884,3161,129.3,31.1,89,100.0,18.4,10,10,2,8,10,40,0,1,,40
S0885,1690,85.0,23.2,74,0.0,12.8,4,8,4,2,0,18,3,0,affordable,15
S0886,2247,49.8,32.2,93,95.0,25.5,8,6,2,8,10,34,0,1,,34
S0887,1016,16.9,0.7,96,30.0,45.4,2,4,10,10,6,32,3,0,jobs,29
S0888,1940,41.1,12.6,90,45.0,10.2,6,6,8,8,10,38,0,1,,38
S0889,1978,11.1,4.7,83,65.0,6.1,6,4,10,6,10,36,3,0,openSpace,33
S0890,2855,126.8,27.4,76,10.0,13.3,10,10,4,4,2,30,0,1,,30
S0891,1958,98.5,17.6,96,40.0,21.4,6,8,6,10,8,38,0,1,,38
S0892,1986,74.6,16.6,90,20.0,27.6,6,8,6,8,4,32,0,1,,32
S0893,1424,72.2,11.8,90,15.0,28.1,4,8,8,8,4,32,0,1,,32
S0894,1602,109.3,18.1,79,10.0,14.3,4,10,6,4,2,26,0,1,,26
S0895,1728,55.0,11.6,100,65.0,29.1,6,6,8,10,10,40,0,1,,40
S0896,1598,62.4,23.5,85,95.0,11.2,4,8,4,6,10,32,0,1,,32
S0897,1270,47.6,11.3,100,60.0,28.1,2,6,8,10,10,36,3,0,jobs,33
S0898,1212,18.9,4.5,96,35.0,27.0,2,4,10,10,8,34,3,0,jobs,31
S0899,1520,69.8,17.1,92,100.0,15.3,4,8,6,8,10,36,0,1,,36
S0900,1970,85.7,23.8,88,15.0,23.0,6,8,4,8,4,30,0,1,,30
S0901,2522,81.2,19.4,96,65.0,21.9,8,8,6,10,10,42,0,1,,42
S0902,1142,58.0,12.2,85,5.0,24.5,2,6,8,6,0,22,6,0,jobs|affordable,16
S0903,2520,92.2,16.4,97,95.0,28.1,8,8,6,10,10,42,0,1,,42
S0904,1930,47.1,12.3,100,50.0,23.0,6,6,8,10,10,40,0,1,,40
S0905,1944,61.3,6.8,90,25.0,15.8,6,8,10,8,6,38,0,1,,38
S0906,3505,198.5,30.8,69,20.0,7.7,10,10,2,0,4,26,6,0,openSpace|livability,20
S0907,2392,63.1,17.8,96,75.0,29.6,8,8,6,10,10,42,0,1,,42
S0908,2260,97.8,30.4,72,15.0,10.7,8,8,2,2,4,24,0,1,,24
S0909,1910,100.3,26.6,73,10.0,10.2,6,10,4,2,2,24,0,1,,24
S0910,2790,101.5,29.6,80,65.0,8.7,8,10,4,6,10,38,3,0,openSpace,35
S0911,2493,141.4,25.7,78,35.0,11.2,8,10,4,4,8,34,0,1,,34
S0912,2080,98.4,21.1,86,30.0,15.3,6,8,6,6,6,32,0,1,,32
S0913,2544,106.6,19.3,86,15.0,23.5,8,10,6,6,4,34,0,1,,34
S0914,3386,179.0,26.0,79,20.0,14.8,10,10,4,4,4,32,0,1,,32
S0915,1358,42.6,25.9,86,95.0,12.2,4,6,4,6,10,30,0,1,,30
S0916,2362,102.4,21.3,93,45.0,19.9,8,10,6,8,10,42,0,1,,42
S0917,2558,81.3,31.8,89,95.0,18.4,8,8,2,8,10,36,0,1,,36
S0918,2634,127.1,18.7,82,0.0,26.0,8,10,6,6,0,30,3,0,affordable,27
S0919,2345,64.0,10.3,76,25.0,6.6,8,8,8,4,6,34,3,0,openSpace,31
S0920,1476,82.5,15.9,86,30.0,19.9,4,8,6,6,6,30,0,1,,30
S0921,2182,64.3,25.0,90,30.0,41.3,6,8,4,8,6,32,0,1,,32
S0922,1918,46.0,18.0,73,85.0,3.6,6,6,6,2,10,30,3,0,openSpace,27
S0923,1978,43.3,12.0,100,70.0,31.6,6,6,8,10,10,40,0,1,,40
S0924,2702,100.6,32.3,93,65.0,22.4,8,10,2,8,10,38,0,1,,38
S0925,1820,44.6,16.3,96,80.0,25.5,6,6,6,10,10,38,0,1,,38
S0926,2406,89.1,30.6,90,90.0,16.3,8,8,2,8,10,36,0,1,,36
S0927,2668,106.3,20.8,96,40.0,24.0,8,10,6,10,8,42,0,1,,42
S0928,1656,84.7,21.1,89,90.0,12.2,4,8,6,8,10,36,0,1,,36
S0929,1602,32.1,16.4,97,95.0,21.4,4,6,6,10,10,36,0,1,,36
S0930,2216,88.4,20.4,93,60.0,17.3,8,8,6,8,10,40,0,1,,40
S0931,2350,78.7,18.5,96,100.0,26.0,8,8,6,10,10,42,0,1,,42
S0932,2474,116.5,24.0,89,30.0,15.8,8,10,4,8,6,36,0,1,,36
S0933,1028,53.0,11.8,100,70.0,26.5,2,6,8,10,10,36,3,0,jobs,33
S0934,2694,110.8,25.7,87,75.0,13.3,8,10,4,6,10,38,0,1,,38
S0935,2198,116.0,23.5,85,35.0,13.8,6,10,4,6,8,34,0,1,,34
S0936,1042,54.3,9.0,90,15.0,29.6,2,6,8,8,4,28,3,0,jobs,25
S0937,1332,50.9,7.9,100,85.0,37.2,4,6,10,10,10,40,0,1,,40
S0938,1670,31.3,16.8,97,100.0,29.1,4,6,6,10,10,36,0,1,,36
S0939,2780,88.0,29.5,94,45.0,27.6,8,8,4,8,10,38,0,1,,38
S0940,2354,105.2,15.6,82,5.0,26.5,8,10,6,6,0,30,3,0,affordable,27
S0941,2978,121.5,28.9,80,50.0,8.7,10,10,4,6,10,40,3,0,openSpace,37
S0942,1926,66.6,15.6,82,5.0,30.1,6,8,6,6,0,26,3,0,affordable,23
S0943,2780,104.9,27.4,93,85.0,29.1,8,10,4,8,10,40,0,1,,40
S0944,2778,90.3,33.6,83,10.0,33.7,8,8,2,6,2,26,0,1,,26
S0945,2398,110.7,19.2,96,70.0,21.4,8,10,6,10,10,44,0,1,,44
S0946,2360,127.0,23.7,82,20.0,13.3,8,10,4,6,4,32,0,1,,32
S0947,2228,102.4,17.4,82,0.0,21.4,8,10,6,6,0,30,3,0,affordable,27
S0948,1996,70.6,15.8,96,95.0,25.0,6,8,6,10,10,40,0,1,,40
S0949,2315,137.3,22.6,80,95.0,6.1,8,10,4,6,10,38,3,0,openSpace,35
S0950,2000,140.5,21.6,82,25.0,12.8,6,10,6,6,6,34,0,1,,34
S0951,1364,-17.7,0.0,97,35.0,38.8,4,0,10,10,8,32,3,0,profit,29
S0952,2156,98.3,22.4,93,100.0,17.9,6,8,4,8,10,36,0,1,,36
S0953,2422,117.8,14.8,100,90.0,27.0,8,10,8,10,10,46,0,1,,46
S0954,2160,54.6,14.4,100,95.0,30.6,6,6,8,10,10,40,0,1,,40
S0955,2038,117.1,28.1,90,90.0,18.4,6,10,4,8,10,38,0,1,,38
S0956,1960,81.6,16.9,89,20.0,27.0,6,8,6,8,4,32,0,1,,32
S0957,2380,125.5,19.3,96,45.0,21.9,8,10,6,10,10,44,0,1,,44
S0958,1994,53.7,7.7,93,20.0,43.9,6,6,10,8,4,34,0,1,,34
S0959,1278,72.2,26.7,86,30.0,23.5,2,8,4,6,6,26,3,0,jobs,23
S0960,2274,82.7,31.5,86,60.0,14.3,8,8,2,6,10,34,0,1,,34
S0961,2318,82.5,19.3,90,25.0,24.0,8,8,6,8,6,36,0,1,,36
S0962,1788,58.1,10.6,100,40.0,30.1,6,6,8,10,8,38,0,1,,38
S0963,3180,139.5,26.0,86,30.0,15.3,10,10,4,6,6,36,0,1,,36
S0964,2554,64.8,27.3,86,90.0,13.3,8,8,4,6,10,36,0,1,,36
S0965,2386,-5.0,0.0,91,10.0,27.6,8,0,10,8,2,28,3,0,profit,25
S0966,1744,36.9,11.5,100,95.0,31.1,6,6,8,10,10,40,0,1,,40
S0967,3796,164.3,34.3,70,100.0,4.6,10,10,2,2,10,34,3,0,openSpace,31
S0968,2768,135.2,27.7,75,20.0,11.2,8,10,4,4,4,30,0,1,,30
S0969,2088,111.5,21.2,89,45.0,14.8,6,10,6,8,10,40,0,1,,40
S0970,2674,124.7,26.3,82,40.0,10.7,8,10,4,6,8,36,0,1,,36
S0971,1772,54.3,18.4,96,80.0,21.4,6,6,6,10,10,38,0,1,,38
S0972,2196,106.4,26.1,80,50.0,8.7,6,10,4,6,10,36,3,0,openSpace,33
S0973,2138,125.7,16.5,78,5.0,18.9,6,10,6,4,0,26,3,0,affordable,23
S0974,1872,82.0,27.4,94,55.0,27.6,6,8,4,8,10,36,0,1,,36
S0975,1118,40.1,10.9,100,65.0,29.1,2,6,8,10,10,36,3,0,jobs,33
S0976,2643,95.0,28.2,94,90.0,27.6,8,8,4,8,10,38,0,1,,38
S0977,2056,33.0,0.0,90,10.0,27.6,6,6,10,8,2,32,0,1,,32
S0978,2774,87.2,20.1,96,90.0,26.0,8,8,6,10,10,42,0,1,,42
S0979,1288,63.6,10.3,93,25.0,31.6,2,8,8,8,6,32,3,0,jobs,29
S0980,1650,48.8,16.0,96,70.0,25.5,4,6,6,10,10,36,0,1,,36
S0981,1510,95.2,27.2,74,5.0,15.3,4,8,4,2,0,18,3,0,affordable,15
S0982,1386,5.1,0.5,100,50.0,27.6,4,2,10,10,10,36,0,1,,36
S0983,1830,80.8,9.9,93,75.0,14.3,6,8,8,8,10,40,0,1,,40
S0984,2888,139.6,32.4,56,5.0,3.6,10,10,2,0,0,22,9,0,affordable|openSpace|livability,13
S0985,1845,92.6,23.8,83,65.0,8.2,6,8,4,6,10,34,3,0,openSpace,31
S0986,2016,70.3,10.0,93,75.0,14.8,6,8,8,8,10,40,0,1,,40
S0987,2140,82.5,11.0,100,70.0,33.2,6,8,8,10,10,42,0,1,,42
S0988,1546,15.8,8.3,77,50.0,4.6,4,4,8,4,10,30,3,0,openSpace,27
S0989,1784,81.6,17.0,97,85.0,20.9,6,8,6,10,10,40,0,1,,40
S0990,1107,47.9,8.5,100,45.0,34.2,2,6,8,10,10,36,3,0,jobs,33
S0991,2114,80.4,14.1,86,5.0,28.6,6,8,8,6,0,28,3,0,affordable,25
S0992,1279,55.8,16.0,85,20.0,17.3,2,6,6,6,4,24,3,0,jobs,21
S0993,3104,145.4,23.5,78,5.0,15.8,10,10,4,4,0,28,3,0,affordable,25
S0994,1294,102.8,20.7,70,5.0,10.7,2,10,6,2,0,20,6,0,jobs|affordable,14
S0995,1192,55.7,13.0,100,40.0,20.9,2,6,8,10,8,34,3,0,jobs,31
S0996,2674,117.9,30.5,71,90.0,4.1,8,10,2,2,10,32,3,0,openSpace,29
S0997,2897,114.9,21.5,93,80.0,19.9,10,10,6,8,10,44,0,1,,44
S0998,1970,105.3,27.3,76,60.0,6.1,6,10,4,4,10,34,3,0,openSpace,31
S0999,1491,87.2,16.7,88,35.0,19.9,4,8,6,8,8,34,0,1,,34
S1000,1491,57.2,8.8,93,20.0,35.2,4,6,8,8,4,30,0,1,,30